OID_,ULAND,UREGBEZ,UKREIS,UGEMEINDE,UJAHR,UMONAT,USTUNDE,UWOCHENTAG,UKATEGORIE,UART,UTYP1,IstRad,IstPKW,IstFuss,IstKrad,IstSonstige,ULICHTVERH,IstGkfz,LINREFX,LINREFY,XGCSWGS84,YGCSWGS84,UIDENTSTLAE,IstStrassenzustand,index_right,FID,SBZ,Name
224317,14,7,13,000,2021,03,19,2,3,6,4,0,1,1,0,0,2,0,"737355,342143171466887","5693460,859431050717831",12.408206882000059,51.342787076000036,14210308144200210240,0,2,2,2,Ost
224319,14,7,13,000,2021,04,10,5,3,2,2,0,1,0,0,0,0,0,"738952,718929174356163","5691142,944964893162251",12.429545419000021,51.32131275300003,14210401144200243230,0,3,3,3,Südost
224321,14,7,13,000,2021,02,15,4,3,3,6,1,1,0,0,0,0,0,"731962,967456714250147","5690609,341721711680293",12.329063077000058,51.31941515200003,14210224143263213780,0,5,5,5,Südwest
224326,14,7,13,000,2021,04,14,2,3,5,3,1,1,0,0,0,0,0,"737333,281445702537894","5693071,913146678358316",12.407631522000031,51.33930508000003,14210426148410310710,0,2,2,2,Ost
224327,14,7,13,000,2021,04,18,1,3,5,3,0,1,0,0,0,0,0,"737547,858684742823243","5692469,592134321108460",12.410304925000048,51.333809029000065,14210404148410242210,0,2,2,2,Ost
224329,14,7,13,000,2021,04,18,2,3,5,3,0,1,0,0,0,0,0,"737740,043062893673778","5697109,084316011518240",12.41615814000005,51.37537268500006,14210412144200294230,0,1,1,1,Nordost
224335,14,7,13,000,2021,01,08,7,3,8,1,0,1,0,0,0,0,0,"730949,412332925014198","5693941,988152213394642",12.316703403000076,51.34974429200008,14210130148310161110,1,7,7,7,Alt-West
224340,14,7,13,000,2021,04,12,1,3,5,3,1,0,0,0,1,0,0,"735040,802693008445203","5696508,692843172699213",12.377047753000056,51.371106921000035,14210425148110000380,0,9,9,9,Nord
224350,14,7,13,000,2021,04,09,5,3,1,5,1,1,0,0,0,0,0,"736742,707339468412101","5691325,862390998750925",12.39800806200003,51.32387842700007,14210429148410319980,0,3,3,3,Südost
224352,14,7,13,000,2021,04,17,7,3,2,2,0,1,0,0,0,0,0,"733434,698659922927618","5695779,664417272433639",12.353535387000022,51.36522511900006,14210410148110278240,0,8,8,8,Nordwest
224354,14,7,13,000,2021,02,09,3,3,1,7,0,1,0,0,0,0,0,"735955,265798990614712","5695632,209833830595016",12.389580482000042,51.36286031800006,14210216148110145380,2,9,9,9,Nord
224367,14,7,13,000,2021,04,12,4,2,5,3,1,1,0,0,0,0,0,"735910,945884814485908","5688684,806291908025742",12.384345512000039,51.30051696500004,14210407148210269310,0,4,4,4,Süd
224370,14,7,13,000,2021,05,07,2,2,6,4,0,1,1,0,0,0,0,"737813,791256284341216","5693774,654277546331286",12.41498682300005,51.34541213400007,14210510144200364060,0,2,2,2,Ost
224372,14,7,13,000,2021,05,17,2,3,5,3,1,1,0,0,0,0,0,"735331,487114846706390","5692187,622525312006474",12.378359491000026,51.33219933700008,14210517148410406440,0,0,0,0,Mitte
224373,14,7,13,000,2021,03,10,5,3,5,3,1,1,0,0,0,0,0,"727265,927235683426261","5693483,280043890699744",12.263604300000054,51.34711096900003,14210325148320231000,0,7,7,7,Alt-West
224374,14,7,13,000,2021,02,12,5,3,5,2,1,0,0,0,1,0,0,"731169,979175380431116","5691911,486493233591318",12.318547333000026,51.33142707800005,14210204148310115180,1,7,7,7,Alt-West
224376,14,7,13,000,2021,04,20,5,3,5,3,0,1,0,0,0,2,0,"735275,806001505814493","5691050,739985816180706",12.376811193000037,51.32201730100007,14210429148210320790,0,4,4,4,Süd
224389,14,7,13,000,2021,04,15,6,3,9,1,0,0,0,1,0,0,0,"736795,250151324085891","5695801,282830543816090",12.401736913000036,51.36402848500006,14210409148110279460,0,1,1,1,Nordost
224391,14,7,13,000,2021,02,07,2,3,2,6,0,1,0,0,0,0,0,"730576,835394540801644","5693838,904881663620472",12.311295594000057,51.348970172000065,14210215148310145410,2,7,7,7,Alt-West
224393,14,7,13,000,2021,05,17,4,3,5,2,0,1,0,0,0,0,0,"731732,876001446507871","5690705,097987409681082",12.325829079000073,51.32036848600006,14210512144200376930,1,5,5,5,Südwest
224398,14,7,13,000,2021,05,07,2,3,5,2,0,1,0,0,0,0,0,"739921,043583760038018","5693972,514910491183400",12.445321641000021,51.34630274700004,14210503148210336120,0,2,2,2,Ost
224415,14,7,13,000,2021,04,16,2,3,5,3,1,1,0,0,0,0,0,"736670,701397201046348","5692249,855424024164677",12.397590064000042,51.332202306000056,14210426143263341500,0,3,3,3,Südost
224421,14,7,13,000,2021,05,15,3,3,6,4,1,0,1,0,0,0,0,"734891,716111515648663","5693390,686579482629895",12.372851319000063,51.34318028600006,14210518145200375980,0,0,0,0,Mitte
224428,14,7,13,000,2021,05,08,1,3,5,3,1,1,0,0,0,0,0,"733143,510029877535999","5697871,185649693012238",12.350731677000056,51.38411931100006,14210509148110341350,0,8,8,8,Nordwest
224431,14,7,13,000,2021,05,00,1,1,9,1,0,1,0,0,0,2,0,"736500,704875369556248","5696981,517827861011028",12.398298571000055,51.37474508100007,14210516144200375870,0,1,1,1,Nordost
224432,14,7,13,000,2021,05,19,6,3,5,3,1,1,0,0,0,0,0,"732366,061001455411315","5691470,431987123563886",12.335398890000022,51.326980494000054,14210521144200389770,0,5,5,5,Südwest
224434,14,7,13,000,2021,01,13,4,3,5,2,1,1,0,0,0,0,0,"731493,045293797738850","5690697,038288867101073",12.322388012000033,51.320393753000076,14210127148310113750,0,5,5,5,Südwest
224435,14,7,13,000,2021,04,13,3,3,3,2,0,1,0,0,0,0,0,"730812,213977009057999","5690222,900100685656071",12.312327387000039,51.31641399800003,14210420144200375920,0,5,5,5,Südwest
224441,14,7,13,000,2021,02,08,5,3,5,3,1,1,0,0,0,0,0,"737891,219636780209839","5702307,486041214317083",12.421810114000039,51.42196947300005,14210225144200169000,0,9,9,9,Nord
224442,14,7,13,000,2021,05,11,5,3,0,5,1,1,0,0,0,0,0,"735089,735058113001287","5689565,278255484998226",12.373166465000054,51.30876008900003,14210513143263395950,1,4,4,4,Süd
224444,14,7,13,000,2021,03,06,2,3,1,3,1,1,0,0,0,0,0,"737266,832481934688985","5694404,909773686900735",12.407567524000058,51.35129786200008,14210308148423199900,0,1,1,1,Nordost
224445,14,7,13,000,2021,04,15,6,3,5,3,1,1,0,0,0,0,0,"732037,118922799825668","5691872,418743122369051",12.330947528000024,51.33072330400006,14210416148410319800,0,7,7,7,Alt-West
224446,14,7,13,000,2021,05,13,2,3,5,3,1,0,0,0,0,0,0,"728317,612001377157867","5693218,917988743633032",12.278510783000058,51.34431632400003,14210510148310363630,0,7,7,7,Alt-West
224450,14,7,13,000,2021,04,15,7,3,5,3,1,0,0,0,1,0,0,"738744,651984291151166","5690834,904547840356827",12.426358649000065,51.31863514400004,14210424148210000600,0,3,3,3,Südost
224451,14,7,13,000,2021,04,16,3,3,5,3,1,0,0,0,1,0,0,"731009,784445864148438","5691828,442839568480849",12.31619796800004,51.330746685000065,14210406144200242930,0,7,7,7,Alt-West
224452,14,7,13,000,2021,03,15,4,3,3,2,1,1,0,0,0,0,0,"735121,313926996663213","5696007,506642794236541",12.377870968000025,51.36657480700006,14210303144200185740,0,9,9,9,Nord
224453,14,7,13,000,2021,04,16,3,3,5,3,1,0,0,0,1,0,0,"727684,204001372680068","5690648,944989027455449",12.267789045000029,51.321498811000026,14210413144200294550,0,6,6,6,West
224456,14,7,13,000,2021,05,11,6,2,9,1,0,1,0,0,0,0,0,"728545,111033550463617","5689943,737063786014915",12.279671378000046,51.314822836000076,14210514148310363160,0,6,6,6,West
224460,14,7,13,000,2021,04,12,4,2,0,7,1,0,0,0,0,0,0,"735980,387595715001225","5694617,838865097612143",12.389267902000029,51.35374468900005,14210421148410000240,0,9,9,9,Nord
224462,14,7,13,000,2021,04,11,7,3,0,1,1,0,0,0,0,0,0,"735183,958345072343946","5688968,563503531739116",12.374122649000071,51.30336480700004,14210410148210269320,1,4,4,4,Süd
224464,14,7,13,000,2021,03,09,6,3,5,2,1,0,0,0,1,0,0,"732157,526014698669314","5690950,609100462868810",12.332072462000042,51.32239929600007,14210305148310185780,0,5,5,5,Südwest
224467,14,7,13,000,2021,02,15,2,3,5,3,0,1,0,0,1,0,0,"740942,752914057113230","5695181,604699887335300",12.460783412000069,51.35672291000003,14210222144200161590,0,2,2,2,Ost
224472,14,7,13,000,2021,04,06,7,2,8,1,0,0,0,1,0,0,0,"734494,826935538090765","5695015,580225078389049",12.368233358000055,51.35792982900006,14210424144200000340,0,9,9,9,Nord
224478,14,7,13,000,2021,05,15,1,3,3,5,1,1,0,0,0,0,0,"734460,067405302077532","5692131,061985220760107",12.365835609000044,51.33205149100007,14210516148410376230,0,0,0,0,Mitte
224480,14,7,13,000,2021,03,10,3,3,6,4,1,0,1,0,0,0,0,"732702,480144872330129","5692700,495547415688634",12.34102239400005,51.33788488700003,14210323144200241420,0,7,7,7,Alt-West
224484,14,7,13,000,2021,03,15,3,3,5,3,0,1,0,0,0,0,0,"738776,454072006046772","5696434,486008886247873",12.430568945000061,51.36888284300005,14210316144200210250,0,1,1,1,Nordost
224487,14,7,13,000,2021,03,23,2,3,1,1,1,1,0,0,0,2,0,"736883,874497614800930","5695959,239054651930928",12.403112860000022,51.36540936700004,14210315148110214270,1,1,1,1,Nordost
224488,14,7,13,000,2021,02,15,5,3,6,4,0,1,1,0,0,0,0,"737815,519851561635733","5693776,413012430071831",12.415012772000068,51.34542719700005,14210218144100161580,0,2,2,2,Ost
224492,14,7,13,000,2021,03,15,5,3,5,3,0,1,0,0,0,0,0,"734484,902232768014073","5695027,759025737643242",12.368099093000069,51.35804324600008,14210311144200209300,1,9,9,9,Nord
224497,14,7,13,000,2021,03,09,2,3,1,7,0,1,0,0,0,0,1,"727316,568257274106145","5693456,248610807582736",12.264312993000033,51.34684805100005,14210329144200240260,0,7,7,7,Alt-West
224506,14,7,13,000,2021,05,06,5,3,2,6,0,1,0,0,0,0,1,"736390,068854576908052","5695160,019420636817813",12.39550104500006,51.35844114100007,14210520144200376150,0,9,9,9,Nord
224515,14,7,13,000,2021,02,08,2,3,1,7,0,1,0,0,0,0,0,"735914,227801487781107","5694451,161851068958640",12.388208982000037,51.35227602400005,14210215148110145080,2,0,0,0,Mitte
224516,14,7,13,000,2021,02,11,6,2,5,3,1,1,0,0,0,0,0,"738528,726881065405905","5694896,253318525850773",12.425985150000031,51.35517997200003,14210226144200185730,1,1,1,1,Nordost
224517,14,7,13,000,2021,05,13,3,3,6,4,0,1,1,0,0,0,0,"737656,264641311950982","5691498,040355121716857",12.411210391000054,51.32504305600003,14210511148410375940,0,3,3,3,Südost
224522,14,7,13,000,2021,04,15,4,2,5,3,0,1,0,0,1,0,0,"735431,975722864270210","5695944,683466456830502",12.382284156000026,51.365882233000036,14210428144200365240,0,9,9,9,Nord
224533,14,7,13,000,2021,04,09,3,3,5,2,1,1,0,0,0,0,0,"735021,279263934120536","5693706,159565754234791",12.37491649900005,51.34595854500003,14210427145500310680,0,0,0,0,Mitte
224535,14,7,13,000,2021,04,20,4,3,6,2,0,1,1,0,0,2,0,"737252,467260983772576","5692227,813628757372499",12.405911263000064,51.33176209800007,14210407144200278190,1,3,3,3,Südost
224539,14,7,13,000,2021,02,13,6,3,5,2,1,1,0,0,0,0,0,"737159,080385617911816","5695583,317140102386475",12.406808359000024,51.36192026700007,14210226148110176580,1,1,1,1,Nordost
224541,14,7,13,000,2021,03,07,2,3,2,6,0,1,0,0,0,0,0,"741570,798001618124545","5687198,435982652008533",12.464378145000069,51.28480313300008,14210308144200200400,0,3,3,3,Südost
224544,14,7,13,000,2021,02,16,2,3,5,3,0,1,0,1,0,0,0,"743237,610403225757182","5694199,471366265788674",12.49300898000007,51.346930505000046,14210222144200209930,0,2,2,2,Ost
224545,14,7,13,000,2021,05,09,3,3,5,3,1,1,0,0,0,0,0,"735962,874701464548707","5688506,155071638524532",12.384970997000039,51.298891817000026,14210518148210364500,0,4,4,4,Süd
224546,14,7,13,000,2021,03,19,1,3,5,2,1,1,0,0,0,2,0,"737486,131209986284375","5693301,440881008282304",12.409975015000043,51.34130151800008,14210328148210278570,0,2,2,2,Ost
224557,14,7,13,000,2021,02,16,5,3,5,3,1,1,0,0,0,1,0,"736341,271686838008463","5692763,111684082075953",12.393210230000022,51.336946374000036,14210204148410186420,1,0,0,0,Mitte
224560,14,7,13,000,2021,03,12,3,3,3,6,0,1,0,1,0,0,0,"733082,580958896316588","5690611,951453998684883",12.345103816000062,51.31898109500003,14210316148310210340,0,5,5,5,Südwest
224567,14,7,13,000,2021,04,07,2,3,5,2,0,1,0,0,0,0,0,"734639,476445107720792","5695393,741896837949753",12.370556625000063,51.36126464400007,14210419144200280140,0,9,9,9,Nord
224569,14,7,13,000,2021,05,14,5,2,9,1,0,0,0,1,0,0,0,"742684,442001616582274","5691481,231981897726655",12.483229447000042,51.32276976900005,14210520144200365901,0,2,2,2,Ost
224570,14,7,13,000,2021,05,14,3,3,2,6,0,1,0,0,0,0,0,"732148,621336692012846","5690943,758870845660567",12.331940428000053,51.322341436000045,14210504144200336100,0,5,5,5,Südwest
224573,14,7,13,000,2021,04,18,2,2,8,2,1,1,0,0,0,0,0,"734642,983581386506557","5693491,865902321413159",12.36935303100006,51.34419121500008,14210426148410310360,0,0,0,0,Mitte
224574,14,7,13,000,2021,04,12,3,3,5,2,1,0,0,0,1,0,0,"737856,513838486745954","5690948,740294164046645",12.413712739000061,51.320028843000046,14210406148210279280,1,3,3,3,Südost
224575,14,7,13,000,2021,03,10,3,2,1,6,0,1,0,0,0,0,0,"737456,092079173773527","5695349,640357930213213",12.410910863000026,51.359698741000045,14210330144200242190,0,1,1,1,Nordost
224576,14,7,13,000,2021,03,15,6,3,1,1,1,1,0,0,0,0,0,"739800,748406145721674","5698718,152407508343458",12.44679771400007,51.388948750000054,14210319144200214050,1,1,1,1,Nordost
224577,14,7,13,000,2021,03,07,6,3,2,6,0,1,0,1,0,0,0,"734792,276866525411606","5692509,872061124071479",12.370845480000071,51.33531481400007,14210305148410200210,1,0,0,0,Mitte
224578,14,7,13,000,2021,04,20,5,3,2,6,0,1,0,0,0,1,0,"736561,773143799044192","5687244,366066392511129",12.392710454000053,51.28731719500007,14210415148210279480,0,4,4,4,Süd
224585,14,7,13,000,2021,04,11,6,3,2,6,0,1,0,0,0,0,0,"734771,270608827471733","5693724,407444326207042",12.371345073000043,51.346225641000046,14210430148410336390,0,0,0,0,Mitte
224589,14,7,13,000,2021,02,15,1,2,5,3,1,1,0,0,0,0,0,"735114,421001509763300","5688743,893985943868756",12.372978880000062,51.30137679300003,14210221148210161400,0,4,4,4,Süd
224600,14,7,13,000,2021,03,17,4,3,1,5,0,1,0,0,0,0,0,"735568,663569564931095","5695541,438045371323824",12.383977101000028,51.36220594500003,14210303148110185130,0,9,9,9,Nord
224602,14,7,13,000,2021,05,19,1,2,6,4,0,1,1,0,0,0,0,"738856,091731243766844","5693554,300500404089689",12.429777633000072,51.34299734000007,14210509144200336770,0,2,2,2,Ost
224606,14,7,13,000,2021,05,07,6,3,3,5,1,1,0,0,0,0,0,"737075,722982894629240","5688837,302195120602846",12.401125003000061,51.30140206400006,14210521148210376570,0,4,4,4,Süd
224609,14,7,13,000,2021,04,11,6,3,5,3,1,1,0,0,0,0,0,"736173,742767354473472","5691041,643247554078698",12.389668699000026,51.32156365900005,14210423144200000560,0,0,0,0,Mitte
224610,14,7,13,000,2021,04,16,6,2,5,3,1,1,0,0,0,0,0,"733897,290134712122381","5690815,347156850621104",12.35690809600004,51.32047261400004,14210430144200327420,0,4,4,4,Süd
224611,14,7,13,000,2021,03,12,5,3,1,7,0,1,0,0,0,0,0,"736707,530456153675914","5693860,391975866630673",12.399188094000067,51.346643390000054,14210318148410278580,1,2,2,2,Ost
224617,14,7,13,000,2021,03,05,3,3,0,1,1,0,0,0,0,1,0,"734863,038840487599373","5692373,804008195176721",12.371769802000074,51.33406419600004,14210309148410199890,1,0,0,0,Mitte
224619,14,7,13,000,2021,04,16,4,3,5,3,0,1,0,0,0,0,0,"737298,024583509191871","5695375,577627573162317",12.408661937000034,51.35999758400004,14210428144200310650,0,1,1,1,Nordost
224625,14,7,13,000,2021,04,20,3,3,2,2,0,1,0,1,0,2,0,"734792,258830234408379","5692507,119258636608720",12.370843407000052,51.33529011200005,14210406144200242940,0,0,0,0,Mitte
224627,14,7,13,000,2021,04,07,3,3,0,2,0,1,0,0,1,0,0,"738792,584093435667455","5696082,832624051719904",12.430564109000045,51.36571969200003,14210413144200406400,0,1,1,1,Nordost
224628,14,7,13,000,2021,04,18,5,3,5,2,1,1,0,0,0,0,0,"737183,239001528359950","5693758,389984827488661",12.405938509000066,51.34552954800006,14210401144200320210,0,2,2,2,Ost
224633,14,7,13,000,2021,02,15,3,3,1,5,1,1,0,0,0,0,0,"735887,875308464281261","5695057,160379981622100",12.38823291400007,51.357726537000076,14210202148110114430,1,9,9,9,Nord
224639,14,7,13,000,2021,02,09,6,3,6,2,0,1,1,0,0,0,0,"738836,363798654638231","5695303,090623216703534",12.430668314000059,51.35870247500003,14210219148410168700,0,1,1,1,Nordost
224640,14,7,13,000,2021,03,16,3,2,6,4,0,1,1,0,0,0,0,"736287,578522030264139","5695631,005945935845375",12.394344481000076,51.362711413000056,14210302144200210260,0,9,9,9,Nord
224649,14,7,13,000,2021,02,05,5,3,2,6,0,1,0,0,0,2,0,"734265,760492597706616","5695510,404745349660516",12.365275041000075,51.36246605900004,14210225144200176560,0,9,9,9,Nord
224650,14,7,13,000,2021,04,10,5,3,5,3,0,1,0,0,0,0,0,"729936,962430031970143","5694333,486432773992419",12.302442352000071,51.353669223000054,14210408148310243250,0,7,7,7,Alt-West
224652,14,7,13,000,2021,04,12,5,3,6,4,1,0,1,0,0,0,0,"727758,952858571894467","5693230,007872391492128",12.270509899000047,51.34463995600004,14210401148320278360,0,7,7,7,Alt-West
224655,14,7,13,000,2021,05,17,2,3,5,2,0,1,0,0,0,0,0,"735997,786285452544689","5699791,869815250858665",12.39295295100004,51.40018037200008,14210510148110365290,0,9,9,9,Nord
224657,14,7,13,000,2021,05,11,5,3,5,3,0,1,0,0,0,0,0,"737087,992447183467448","5697896,414485445246100",12.407331720000059,51.38271234200005,14210520148110366410,0,1,1,1,Nordost
224658,14,7,13,000,2021,03,09,2,2,6,2,0,1,1,0,0,0,0,"737386,212801708839834","5691589,663608815521002",12.407402568000066,51.32597821300004,14210322144200240110,0,3,3,3,Südost
224666,14,7,13,000,2021,02,14,4,3,3,2,1,1,0,0,0,0,0,"734791,419021723791957","5691412,993277804926038",12.370110502000045,51.32546912400005,14210224148210214490,0,0,0,0,Mitte
224668,14,7,13,000,2021,03,19,3,3,5,3,0,1,0,0,0,2,0,"739493,702398880384862","5691860,528732512146235",12.437776926000026,51.327526214000045,14210309144200199870,0,2,2,2,Ost
224669,14,7,13,000,2021,04,12,6,3,5,3,1,0,0,0,0,0,0,"735458,596452096477151","5693291,544079070910811",12.380910504000042,51.34205588200007,14210416148410001160,0,0,0,0,Mitte
224673,14,7,13,000,2021,05,18,3,3,2,6,0,1,0,0,0,0,0,"735082,095797668211162","5694964,393388591706753",12.376619233000042,51.357227728000055,14210504148410336130,1,0,0,0,Mitte
224677,14,7,13,000,2021,04,11,3,3,6,4,0,1,1,0,0,0,0,"734830,964804645627737","5692992,487296789884567",12.371718036000061,51.33963098800007,14210406148410280170,1,0,0,0,Mitte
224680,14,7,13,000,2021,04,16,5,3,8,1,0,1,0,0,0,0,0,"734780,394387228414416","5693103,356063384562731",12.371066376000044,51.34064707200008,14210401144200294240,0,0,0,0,Mitte
224683,14,7,13,000,2021,05,19,2,3,5,3,0,1,0,0,0,0,0,"736960,960001516155899","5696729,033984873443842",12.404731183000024,51.372286935000034,14210517148110365300,0,1,1,1,Nordost
224688,14,7,13,000,2021,04,07,6,3,1,5,1,1,0,0,0,0,0,"737697,830688256770372","5690439,862123478204012",12.411100477000048,51.31552742700006,14210409148223270010,0,3,3,3,Südost
224697,14,7,13,000,2021,03,19,2,3,5,3,1,1,0,0,0,2,0,"735278,719138182699680","5690906,846945006400347",12.376757974000043,51.32072445800003,14210315148210230830,1,4,4,4,Süd
224703,14,7,13,000,2021,05,14,2,3,6,6,1,0,1,0,0,0,0,"734568,393808476626873","5693187,061747485771775",12.36808317200007,51.341485943000066,14210510148410337090,0,0,0,0,Mitte
224704,14,7,13,000,2021,04,14,5,3,0,1,1,0,0,0,0,0,0,"737732,735705975443125","5695329,913851263001561",12.414863922000052,51.359406008000065,14210401148110241480,0,1,1,1,Nordost
224721,14,7,13,000,2021,05,12,6,3,0,1,1,0,0,0,0,0,0,"734707,274295755662024","5696522,846865190193057",12.372273908000068,51.37137188600008,14210521148110366390,0,9,9,9,Nord
224724,14,7,13,000,2021,05,16,2,3,3,5,1,1,0,0,0,0,0,"734511,095853671431541","5695436,432360293343663",12.368744027000048,51.361700849000044,14210517148110365310,0,9,9,9,Nord
224730,14,7,13,000,2021,04,16,3,2,0,1,0,0,0,1,0,0,0,"735465,937180477194488","5697593,542340178042650",12.383863311000027,51.380668703000026,14210413144200278220,1,9,9,9,Nord
224753,14,7,13,000,2021,04,17,5,3,5,3,1,1,0,0,0,0,0,"728139,601742953993380","5690378,640286518260837",12.274140651000039,51.31888979400003,14210408144200279140,0,6,6,6,West
224755,14,7,13,000,2021,04,22,6,3,3,2,1,1,0,0,0,2,0,"735037,812507892958820","5691172,452023699879646",12.373481974000072,51.323208194000074,14210416148210294270,0,4,4,4,Süd
224757,14,7,13,000,2021,04,16,5,3,2,6,0,1,0,0,0,0,0,"737272,090375193394721","5692305,244679249823093",12.406243990000064,51.33244894000006,14210401148410243260,0,3,3,3,Südost
224761,14,7,13,000,2021,02,08,6,2,5,3,1,1,0,0,0,0,0,"736439,610150531865656","5691190,068711029365659",12.393575794000071,51.32278554800007,14210205144200214060,0,0,0,0,Mitte
224762,14,7,13,000,2021,04,09,7,2,5,3,1,1,0,0,0,0,0,"739576,550402263179421","5697868,693322183564305",12.443008568000039,51.381418962000055,14210424144200000360,0,1,1,1,Nordost
224764,14,7,13,000,2021,03,08,7,2,5,3,1,1,0,0,0,0,0,"739938,457001569680870","5694085,489983381703496",12.445647353000027,51.347309428000074,14210306144200185930,0,2,2,2,Ost
224767,14,7,13,000,2021,02,08,7,3,5,3,0,1,0,0,0,0,0,"738776,514852442778647","5696432,815916901454329",12.430568695000034,51.36886782700003,14210220144200161600,0,1,1,1,Nordost
224773,14,7,13,000,2021,05,19,7,3,1,1,1,1,0,0,0,0,0,"730716,715612282976508","5685821,294805306941271",12.30811514100003,51.276939381000034,14210501148320320800,0,5,5,5,Südwest
224777,14,7,13,000,2021,02,15,3,3,0,7,0,1,0,0,0,0,0,"730708,798001417890191","5694730,145987762138247",12.313765043000046,51.356917218000035,14210216148422150930,1,7,7,7,Alt-West
224789,14,7,13,000,2021,02,10,2,3,6,7,0,1,1,0,0,0,0,"732369,665775761008263","5692788,636850949376822",12.33631022000003,51.33881219600005,14210215148310145400,2,7,7,7,Alt-West
224790,14,7,13,000,2021,02,15,6,3,6,4,0,0,1,1,0,0,0,"734318,945417463779449","5692929,883406180888414",12.364338865000036,51.33928024100004,14210226144200177270,0,0,0,0,Mitte
224792,14,7,13,000,2021,03,11,1,3,0,1,1,0,0,0,0,0,0,"737505,704055509530008","5695345,204273907467723",12.411619191000057,51.359638189000066,14210321148110214470,1,1,1,1,Nordost
224793,14,7,13,000,2021,01,12,4,3,1,1,0,1,0,0,0,0,0,"734266,452765956521034","5691945,744684837758541",12.362939449000066,51.33046776800006,14210127144200001040,1,0,0,0,Mitte
224797,14,7,13,000,2021,05,16,2,3,1,5,1,1,0,0,0,0,0,"734582,316812279634178","5696517,989805094897747",12.370478651000042,51.37137990700006,14210503148110327750,0,9,9,9,Nord
224802,14,7,13,000,2021,03,16,5,3,2,6,1,1,0,0,0,0,0,"732555,509202287532389","5691473,416441233828664",12.338115238000057,51.32692987400003,14210311148310200430,1,5,5,5,Südwest
224808,14,7,13,000,2021,03,07,4,3,2,6,0,0,0,1,1,0,0,"731108,027033580467105","5693988,289314130321145",12.319007255000031,51.35009546600003,14210324148310240280,0,7,7,7,Alt-West
224810,14,7,13,000,2021,04,17,1,3,5,3,0,1,0,1,0,0,0,"731735,689001446589828","5690503,637987412512302",12.325738453000042,51.31855886500006,14210425662212311140,0,5,5,5,Südwest
224816,14,7,13,000,2021,02,16,1,3,3,6,1,1,0,0,0,0,0,"733223,529199474491179","5695948,577678177505732",12.350618062000024,51.366828103000046,14210228144200406100,0,8,8,8,Nordwest
224834,14,7,13,000,2021,02,11,2,3,5,3,0,1,0,0,0,0,0,"733823,687118609435856","5692555,331992987543344",12.356995229000063,51.33612192800007,14210208144200150880,2,0,0,0,Mitte
224837,14,7,13,000,2021,03,10,5,3,2,2,0,1,0,0,0,0,0,"729779,198916295543313","5691144,588235512375832",12.29812324900007,51.32510610300005,14210304144200213820,1,6,6,6,West
224844,14,7,13,000,2021,04,08,4,3,2,6,0,1,0,0,0,0,0,"734722,268149687908590","5690887,286586157977581",12.368773659000055,51.320778680000046,14210421148210310350,0,4,4,4,Süd
224846,14,7,13,000,2021,05,16,5,3,5,3,0,1,0,0,0,0,0,"736130,886890834197402","5697144,180560816079378",12.393102703000068,51.37635904200005,14210520144200365250,0,9,9,9,Nord
224848,14,7,13,000,2021,03,11,2,3,5,3,0,1,0,0,0,0,0,"731825,972542338073254","5691415,677440743893385",12.32762486200005,51.32670931400003,14210329148310241710,0,5,5,5,Südwest
224850,14,7,13,000,2021,04,21,2,2,5,3,1,1,0,0,0,2,0,"731173,759179831482470","5691919,736282313242555",12.318606851000027,51.33149959900004,14210426144200375930,0,7,7,7,Alt-West
224851,14,7,13,000,2021,04,17,7,2,6,7,0,0,0,0,1,0,0,"738746,002999550662935","5693647,240718072280288",12.428262200000063,51.343877795000026,14210403144200364050,0,2,2,2,Ost
224860,14,7,13,000,2021,04,16,4,3,4,6,0,1,0,0,0,0,0,"737145,967831125482917","5698216,256987359374762",12.408376836000059,51.38555903200006,14210428148110311020,0,1,1,1,Nordost
224866,14,7,13,000,2021,05,15,1,3,0,7,0,0,0,1,0,0,0,"739010,643860616721213","5701233,744870942085981",12.437157034000052,51.41186116500006,14210516148110363620,0,9,9,9,Nord