OID_,ULAND,UREGBEZ,UKREIS,UGEMEINDE,UJAHR,UMONAT,USTUNDE,UWOCHENTAG,UKATEGORIE,UART,UTYP1,IstRad,IstPKW,IstFuss,IstKrad,IstSonstige,ULICHTVERH,IstGkfz,LINREFX,LINREFY,XGCSWGS84,YGCSWGS84,UIDENTSTLAE,IstStrassenzustand,index_right,FID,SBZ,Name
224868,14,7,13,000,2021,01,12,5,3,5,3,0,1,0,0,0,0,0,"730599,110542267560959","5689643,415994774550200",12.308900041000072,51.31129835300004,14210128148410114200,1,5,5,5,Südwest
224872,14,7,13,000,2021,04,13,1,3,5,3,1,1,0,0,0,0,0,"732126,512730442918837","5688521,960543375462294",12.330047878000073,51.30061042500006,14210411148310278260,0,5,5,5,Südwest
224873,14,7,13,000,2021,05,07,6,3,1,5,1,1,0,0,0,0,0,"732226,154976720921695","5693013,373026570305228",12.334400005000077,51.34088821700004,14210507148310335960,1,7,7,7,Alt-West
224874,14,7,13,000,2021,02,18,2,3,0,1,1,0,0,0,0,2,0,"738543,253304268233478","5693946,709520241245627",12.425557042000037,51.34665089100008,14210215662211162030,2,2,2,2,Ost
224876,14,7,13,000,2021,05,21,5,3,5,3,1,1,0,0,0,2,0,"735114,691354907117784","5688744,863901469856501",12.372983391000048,51.30138538800003,14210513148210364490,0,4,4,4,Süd
224877,14,7,13,000,2021,04,13,5,3,3,6,0,1,0,0,0,0,1,"735107,467953938990831","5694632,811312332749367",12.376763910000022,51.35424084500005,14210401148410242020,0,0,0,0,Mitte
224880,14,7,13,000,2021,04,15,5,3,6,4,0,1,1,0,0,0,0,"737643,654077593237162","5690950,906552966684103",12.410665035000022,51.32013722000005,14210401144200241680,0,3,3,3,Südost
224883,14,7,13,000,2021,03,19,2,3,0,3,0,1,0,0,1,1,0,"731210,157873355783522","5697794,185948133468628",12.32294588800005,51.384218746000045,14210329144200241000,0,8,8,8,Nordwest
224886,14,7,13,000,2021,04,13,7,3,2,2,0,1,0,0,0,0,0,"736682,465549932792783","5693033,329353749752045",12.39827913800002,51.33922999500004,14210403148410242510,0,2,2,2,Ost
224887,14,7,13,000,2021,03,11,4,3,6,2,0,0,1,0,1,0,0,"731933,492179626598954","5688893,106946881860495",12.327525020000053,51.30402080500005,14210303148323185790,0,5,5,5,Südwest
224888,14,7,13,000,2021,04,07,2,2,5,2,1,1,0,0,0,0,0,"733140,441525431349874","5697874,032654011622071",12.350689526000053,51.384146128000054,14210412144200270200,0,8,8,8,Nordwest
224898,14,7,13,000,2021,05,19,5,3,0,1,1,0,0,0,0,1,0,"730269,025001417845488","5691342,283988008275628",12.30526911000004,51.32668278400007,14210506148310336800,0,6,6,6,West
224905,14,7,13,000,2021,03,03,7,3,8,1,0,1,0,0,0,2,0,"732217,578473147004843","5699037,929297702386975",12.338211410000042,51.394972213000074,14210313148110210290,0,8,8,8,Nordwest
224914,14,7,13,000,2021,03,18,4,3,5,3,1,1,0,0,0,0,0,"730292,570336529053748","5693545,610071480274200",12.307030864000069,51.34645250500006,14210331144200241990,0,7,7,7,Alt-West
224917,14,7,13,000,2021,04,17,3,3,6,4,0,0,1,0,1,0,0,"734796,395643961615860","5692790,743390370160341",12.371089626000071,51.33783432900003,14210420148410294290,0,0,0,0,Mitte
224923,14,7,13,000,2021,02,08,6,3,0,1,0,0,0,1,0,0,0,"738857,542366177774966","5697414,812308421358466",12.432390410000039,51.37764794700007,14210226148110176960,1,1,1,1,Nordost
224924,14,7,13,000,2021,04,17,4,3,9,1,0,1,0,0,0,0,0,"730818,870701667852700","5693661,099240230396390",12.314649916000064,51.34727580200007,14210407144200389750,1,7,7,7,Alt-West
224925,14,7,13,000,2021,05,21,4,3,1,5,1,1,0,0,0,2,0,"737307,382001547142863","5689032,778984878212214",12.40457208600003,51.303060197000036,14210512148220341750,1,4,4,4,Süd
224926,14,7,13,000,2021,03,11,6,3,6,4,0,0,1,0,1,0,0,"734170,281328873708844","5695553,894439123570919",12.363934633000042,51.36289580000005,14210319144200214830,0,9,9,9,Nord
224928,14,7,13,000,2021,04,14,6,3,3,6,1,0,0,0,0,0,0,"737474,118001533672214","5693076,403984697535634",12.409652804000075,51.33928659500003,14210416144200310660,0,2,2,2,Ost
224932,14,7,13,000,2021,03,18,2,3,5,3,1,1,0,0,0,1,0,"733852,834022108465433","5693448,905710216611624",12.357999631000041,51.34413112800007,14210329148410240610,0,0,0,0,Mitte
224944,14,7,13,000,2021,05,17,1,3,8,1,0,0,0,1,0,0,0,"734399,215001490898430","5691523,722986212000251",12.364564191000056,51.326624809000066,14210502148410320250,1,4,4,4,Süd
224945,14,7,13,000,2021,03,07,5,3,9,7,0,1,0,0,0,0,0,"727286,142926615662873","5694395,414523029699922",12.264476566000042,51.35529144100008,14210318148310311080,0,7,7,7,Alt-West
224950,14,7,13,000,2021,05,14,4,2,6,2,0,1,1,0,0,0,0,"741888,608023280277848","5692992,904073603451252",12.472855478000042,51.33667660100008,14210512144200366610,1,2,2,2,Ost
224952,14,7,13,000,2021,01,16,7,3,2,6,0,1,0,0,0,1,0,"737260,039539847522974","5692688,712964715436101",12.406326679000074,51.335896010000056,14210130148410114900,1,3,3,3,Südost
224953,14,7,13,000,2021,04,13,2,2,2,6,0,1,0,0,0,0,0,"732186,124392812140286","5694007,752871314063668",12.334474722000039,51.34983084400005,14210419144200279760,0,7,7,7,Alt-West
224957,14,7,13,000,2021,05,14,2,3,6,4,0,1,1,0,0,0,0,"730486,152344840578735","5693888,634884914383292",12.310027835000028,51.34945337100004,14210503144200415880,0,7,7,7,Alt-West
224962,14,7,13,000,2021,03,14,4,3,0,7,1,0,0,0,0,0,0,"732738,864876043051481","5692089,414563415572047",12.341144627000062,51.332384518000026,14210310148310213830,0,7,7,7,Alt-West
224964,14,7,13,000,2021,05,08,2,3,5,3,1,1,0,0,0,0,0,"734723,092834043316543","5690457,939445298165083",12.36850286400005,51.31692432500006,14210510148210376200,0,4,4,4,Süd
224975,14,7,13,000,2021,03,15,6,3,6,4,0,1,1,0,0,0,0,"735036,174197048880160","5696552,859851565212011",12.377010574000053,51.37150529200005,14210319144200214810,1,9,9,9,Nord
224977,14,7,13,000,2021,04,18,5,2,2,2,1,1,0,0,0,0,0,"736168,526051237247884","5692947,420314656570554",12.39085693900006,51.33867253100004,14210415144200279120,0,0,0,0,Mitte
224982,14,7,13,000,2021,03,14,6,3,6,4,1,0,1,0,0,0,0,"738393,128952974453568","5694366,680334053933620",12.423686577000069,51.35048347700007,14210326144200241430,0,2,2,2,Ost
224986,14,7,13,000,2021,03,06,6,3,1,5,1,1,0,0,0,0,0,"727911,841715027578175","5693029,252382460981607",12.272572971000045,51.34277644700006,14210305144200186340,0,7,7,7,Alt-West
224991,14,7,13,000,2021,05,11,6,3,0,7,0,0,0,0,1,0,0,"736579,226694419048727","5697168,763839181512594",12.399549355000033,51.37639311300006,14210521143263415860,0,1,1,1,Nordost
224992,14,7,13,000,2021,03,16,4,2,5,3,1,0,0,0,1,0,0,"735060,593044114299119","5690780,108649905771017",12.373549672000024,51.319676951000076,14210324144200239910,0,4,4,4,Süd
224994,14,7,13,000,2021,04,17,4,3,3,6,1,1,0,0,0,0,0,"734779,616981657221913","5689864,524513939395547",12.368921942000043,51.31157424600008,14210421148223294280,0,4,4,4,Süd
225002,14,7,13,000,2021,05,11,3,3,4,2,1,1,0,0,0,0,0,"734051,671645210124552","5692773,622880904003978",12.36040577500006,51.33798763800007,14210511148410341770,0,0,0,0,Mitte
225009,14,7,13,000,2021,03,08,7,3,5,3,0,1,0,0,1,0,0,"730840,601001442410052","5686049,951987870037556",12.310035958000071,51.27894188300007,14210327148310239940,1,5,5,5,Südwest
225018,14,7,13,000,2021,03,15,4,3,5,3,1,1,0,0,0,0,0,"740593,067818663083017","5700200,460458463057876",12.459168422000062,51.401917946000026,14210324144200389760,0,1,1,1,Nordost
225019,14,7,13,000,2021,02,21,5,3,5,1,1,1,0,0,0,2,0,"739411,657549870200455","5702134,471628496423364",12.443520836000062,51.419776615000046,14210204148110115140,1,9,9,9,Nord
225029,14,7,13,000,2021,01,16,7,3,9,1,0,1,0,0,1,0,0,"738402,255560809746385","5691233,202474076300859",12.421720439000069,51.32235379100007,14210130144200213800,1,3,3,3,Südost
225032,14,7,13,000,2021,03,15,2,3,5,3,1,1,0,0,0,0,0,"743388,950916232541203","5693258,977344864979386",12.494535190000022,51.33842458400005,14210315144200213220,1,2,2,2,Ost
225038,14,7,13,000,2021,06,13,5,3,2,2,0,1,0,0,0,0,0,"735752,644574294798076","5695307,128794254735112",12.386459777000027,51.36002642600005,14210624144200456080,0,9,9,9,Nord
225042,14,7,13,000,2021,06,09,6,3,6,4,0,1,1,0,0,0,0,"737190,884752805344760","5693840,738048030063510",12.406102951000037,51.34626552000003,14210611148421704970,0,2,2,2,Ost
225043,14,7,13,000,2021,06,14,2,3,1,7,0,0,0,0,1,0,1,"735779,257531888782978","5691801,958216121420264",12.384520376000069,51.32855207100005,14210628148410504380,0,0,0,0,Mitte
225050,14,7,13,000,2021,06,12,5,3,2,2,0,1,0,0,0,0,0,"730416,376433519646525","5691957,519274597987533",12.307778185000075,51.33214608800006,14210603148310436280,0,7,7,7,Alt-West
225052,14,7,13,000,2021,07,10,2,3,5,3,1,1,0,0,0,0,0,"734355,876220598816872","5693164,760694893077016",12.365022686000032,51.34137338800008,14210712148410504850,0,0,0,0,Mitte
225056,14,7,13,000,2021,06,19,3,3,6,4,1,0,1,0,0,0,0,"735776,828060212545097","5693103,224892240017653",12.385346708000043,51.34023361100003,14210615144200435650,0,0,0,0,Mitte
225062,14,7,13,000,2021,06,08,4,3,5,3,0,1,0,1,0,0,0,"733801,315184287726879","5695797,208055214956403",12.358804041000042,51.36523184500004,14210602148110396420,0,9,9,9,Nord
225066,14,7,13,000,2021,07,15,5,3,5,3,1,1,0,0,0,0,0,"734287,006267285905778","5698407,433107588440180",12.367489246000048,51.38846214600005,14210701144320481730,0,9,9,9,Nord
225067,14,7,13,000,2021,05,17,4,3,5,3,1,1,0,0,0,0,0,"734852,112868144176900","5692092,886572543531656",12.371428079000054,51.331547079000075,14210526144200376950,1,0,0,0,Mitte
225068,14,7,13,000,2021,07,10,2,2,5,3,1,1,0,0,0,0,0,"734163,364534000866115","5692190,762962983921170",12.361623344000066,51.33270962000006,14210705144200619140,0,0,0,0,Mitte
225082,14,7,13,000,2021,05,15,2,3,5,2,0,1,0,0,0,0,0,"739102,323871273547411","5699446,248394478112459",12.437268532000076,51.395778533000055,14210531148110481220,0,1,1,1,Nordost
225088,14,7,13,000,2021,06,15,6,3,1,5,1,1,0,0,0,0,0,"735255,182340289466083","5699695,305707793682814",12.382232507000026,51.399621962000026,14210625144100503010,0,9,9,9,Nord
225097,14,7,13,000,2021,07,19,2,2,5,2,1,1,0,0,0,0,0,"731779,440585085190833","5691739,627918263897300",12.327168826000047,51.32963631900003,14210712144200522060,0,5,5,5,Südwest
225098,14,7,13,000,2021,06,08,7,2,5,2,0,1,0,0,0,0,0,"734018,832001457922161","5700450,977986203506589",12.36498900600003,51.406916385000045,14210626144200464030,0,9,9,9,Nord
225100,14,7,13,000,2021,07,03,5,3,2,6,1,1,0,0,0,2,0,"732742,909001459367573","5692081,421986948698759",12.341197357000055,51.332311117000074,14210715148323521080,0,5,5,5,Südwest
225101,14,7,13,000,2021,06,11,4,3,3,6,1,1,0,0,0,0,0,"735008,611564986407757","5691968,986568672582507",12.373588812000037,51.330370267000035,14210616144200436230,0,0,0,0,Mitte
225108,14,7,13,000,2021,06,13,4,2,4,6,1,0,0,0,0,0,0,"730552,727629176340997","5689845,058777317404747",12.308365998000056,51.31312729200005,14210623148310480460,0,5,5,5,Südwest
225112,14,7,13,000,2021,05,17,4,3,5,3,0,1,0,0,0,0,0,"737227,697207418270409","5694486,369836496189237",12.40706083300006,51.35204538600004,14210526148110389160,1,1,1,1,Nordost
225118,14,7,13,000,2021,06,07,2,3,6,2,0,1,1,0,0,0,0,"736977,077491468749940","5691790,276181304827332",12.401674404000062,51.32794950300007,14210621148423455300,0,3,3,3,Südost
225119,14,7,13,000,2021,06,21,7,2,1,1,0,1,0,0,0,2,0,"731194,594960478134453","5692158,396993536502123",12.319060276000073,51.333633562000045,14210605148310406150,1,7,7,7,Alt-West
225124,14,7,13,000,2021,06,10,4,3,5,2,1,1,0,0,0,0,0,"735009,506058363243937","5691892,208078972995281",12.373550997000052,51.329680704000054,14210609148410446590,0,0,0,0,Mitte
225125,14,7,13,000,2021,07,15,4,3,3,6,0,1,0,0,1,0,0,"734912,911749897524714","5690900,887041702866554",12.371513685000025,51.32082209300006,14210707144200503470,0,4,4,4,Süd
225126,14,7,13,000,2021,07,14,5,3,5,2,1,1,0,0,0,0,0,"733118,476299111731350","5696925,759329255670309",12.349752326000043,51.37564294200007,14210715148110521060,0,8,8,8,Nordwest
225130,14,7,13,000,2021,06,05,1,3,8,1,0,1,0,0,0,1,0,"728828,993141533806920","5694712,731966849416494",12.286801338000032,51.357520933000046,14210620148323446190,0,7,7,7,Alt-West
225136,14,7,13,000,2021,06,21,6,3,5,6,1,1,0,0,0,1,0,"738117,516968103125691","5688077,704817019402981",12.415535704000035,51.294149194000056,14210625148210502090,0,3,3,3,Südost
225141,14,7,13,000,2021,05,17,4,3,6,4,0,0,1,0,1,0,0,"731253,112001433968544","5691966,652987590059638",12.319774394000035,51.331888509000066,14210526148310415450,1,7,7,7,Alt-West
225146,14,7,13,000,2021,06,07,4,3,2,6,0,1,0,0,0,0,0,"736563,105472768656909","5692238,838523674756289",12.396041041000046,51.33214817500004,14210623148410456180,0,3,3,3,Südost
225147,14,7,13,000,2021,07,09,3,3,4,6,1,0,0,0,0,0,0,"733492,576415862888098","5692244,059008086100221",12.352046227000073,51.333463797000036,14210713148410522140,0,0,0,0,Mitte
225151,14,7,13,000,2021,06,18,5,3,0,1,0,0,0,1,0,0,0,"730455,347284071147442","5701022,240483023226261",12.314213108000047,51.413503363000075,14210610148110428490,1,8,8,8,Nordwest
225153,14,7,13,000,2021,07,16,7,3,1,6,0,1,0,0,1,0,0,"734049,090795891359448","5692312,050712248310447",12.360065544000065,51.333845395000026,14210703148210503510,0,0,0,0,Mitte
225158,14,7,13,000,2021,06,08,6,3,5,3,1,1,0,0,0,0,0,"735114,421001509763300","5688743,893985943868756",12.372978880000062,51.30137679300003,14210611148210427910,0,4,4,4,Süd
225163,14,7,13,000,2021,06,16,2,3,2,2,1,1,0,0,0,0,0,"732573,629792465828359","5691493,592768225818872",12.338388034000047,51.32710358400004,14210614148310455280,0,5,5,5,Südwest
225164,14,7,13,000,2021,06,15,3,3,5,2,1,1,0,0,0,0,0,"742254,904340766370296","5692990,827241068705916",12.478102679000074,51.33650205200007,14210629144200480430,1,2,2,2,Ost
225166,14,7,13,000,2021,07,11,5,3,5,3,0,1,0,1,0,0,0,"737181,623750754632056","5693664,602600634098053",12.405852884000069,51.344688380000036,14210708144200549880,1,2,2,2,Ost
225170,14,7,13,000,2021,06,14,7,3,3,6,0,1,0,0,0,0,0,"740024,923673051409423","5694379,048411523923278",12.447084576000066,51.34990781400006,14210605148210406140,0,2,2,2,Ost
225174,14,7,13,000,2021,05,11,7,3,5,2,1,1,0,0,0,0,0,"734877,072275726124644","5694490,980961063876748",12.373367377000022,51.353062984000076,14210522148410376000,0,0,0,0,Mitte
225177,14,7,13,000,2021,07,17,5,3,1,5,1,1,0,0,0,0,0,"731235,035416308790445","5696715,827712317928672",12.322601077000058,51.374528429000065,14210715148110521410,0,8,8,8,Nordwest
225180,14,7,13,000,2021,05,06,7,3,5,3,0,1,0,0,0,0,0,"730645,310721344314516","5692130,585519088432193",12.311170828000058,51.33360691100006,14210529148310388970,1,7,7,7,Alt-West
225185,14,7,13,000,2021,06,15,2,3,0,5,1,1,0,0,0,0,0,"736903,372001527808607","5693048,890984984114766",12.401455258000055,51.33927769300004,14210607148423415470,0,3,3,3,Südost
225187,14,7,13,000,2021,06,08,6,3,5,3,1,1,0,0,0,0,0,"742270,250473529100418","5694562,765385411679745",12.479392019000045,51.35060426000007,14210625144310482970,0,2,2,2,Ost
225191,14,7,13,000,2021,05,16,4,3,3,7,1,1,0,0,0,0,0,"734963,721878523007035","5694112,777367757633328",12.374359879000053,51.34963228300006,14210526148410445920,1,0,0,0,Mitte
225198,14,7,13,000,2021,07,22,3,3,1,1,0,1,0,0,0,2,0,"733019,117799356579781","5695752,910786593332887",12.347558554000045,51.365155566000055,14210713144200513160,1,8,8,8,Nordwest
225200,14,7,13,000,2021,06,00,2,3,8,1,0,1,0,0,0,2,0,"738506,897018602117896","5697632,990334501489997",12.427507743000035,51.37975364700003,14210628148110480000,0,1,1,1,Nordost
225202,14,7,13,000,2021,06,15,5,3,2,6,0,1,0,0,0,0,0,"730342,435213359072804","5694594,726074483245611",12.308424588000037,51.35585017500006,14210610148310455710,0,7,7,7,Alt-West
225203,14,7,13,000,2021,07,09,4,3,3,6,1,0,0,0,1,0,0,"731989,286001444794238","5693202,907987251877785",12.331128584000055,51.34268631700007,14210707148323563010,1,7,7,7,Alt-West
225212,14,7,13,000,2021,07,16,5,3,5,2,1,1,0,0,0,0,0,"734527,261553392745554","5693151,474040511995554",12.367470228000059,51.341183459000035,14210715148210521070,0,0,0,0,Mitte
225223,14,7,13,000,2021,07,19,6,3,6,7,0,1,1,0,0,0,0,"732096,332659693434834","5692665,446872873231769",12.332312626000032,51.337817974000075,14210716144200530470,0,7,7,7,Alt-West
225229,14,7,13,000,2021,07,10,6,3,5,2,0,1,0,0,0,0,0,"736437,227799501270056","5691191,912459107115865",12.39354288800007,51.32280308700007,14210709144200561470,1,0,0,0,Mitte
225231,14,7,13,000,2021,06,14,4,2,5,3,1,1,0,0,0,0,0,"737323,049475481733680","5698579,620526380836964",12.411159870000063,51.38874657100007,14210602144200455230,0,1,1,1,Nordost
225244,14,7,13,000,2021,07,10,3,3,5,3,1,1,0,0,0,0,0,"732368,517001435160637","5698831,007986977696419",12.340241826000067,51.393052983000075,14210713148110512760,0,8,8,8,Nordwest
225248,14,7,13,000,2021,06,17,5,3,5,2,1,1,0,0,0,0,0,"735394,405001508072019","5691053,665985759347677",12.378512149000073,51.32199451500003,14210610144200427820,0,4,4,4,Süd
225251,14,7,13,000,2021,07,10,7,3,3,2,1,1,0,0,0,0,0,"735606,397169818170369","5695892,415687346830964",12.384750625000038,51.36534075800006,14210703148110482540,0,9,9,9,Nord
225253,14,7,13,000,2021,06,13,3,3,5,2,1,0,0,0,1,0,0,"734795,274001496843994","5691471,812986033037305",12.370204476000026,51.325995524000064,14210622148410463690,0,0,0,0,Mitte
225256,14,7,13,000,2021,07,07,2,2,6,4,0,0,1,0,0,0,1,"727268,120365384966135","5688579,959389910101891",12.26050953300006,51.30309095800004,14210712148310512770,0,6,6,6,West
225271,14,7,13,000,2021,06,16,4,3,6,4,0,1,1,0,0,0,0,"735607,798924830742180","5693391,879021294414997",12.38311525100005,51.34289471300008,14210630148410503540,0,0,0,0,Mitte
225278,14,7,13,000,2021,06,16,3,3,6,4,0,1,1,0,0,0,0,"732781,713153691031039","5691360,268615994602442",12.34128236500004,51.32582166900005,14210622148310481270,0,5,5,5,Südwest
225281,14,7,13,000,2021,07,18,3,3,2,2,0,1,0,0,1,0,0,"737416,011150842532516","5697082,785679537802935",12.411493333000067,51.375272178000046,14210713144200679790,0,1,1,1,Nordost
225283,14,7,13,000,2021,06,23,2,3,6,4,1,0,1,0,0,2,0,"737242,136313338764012","5692691,429257851094007",12.40607194000006,51.33592786000003,14210628148410513230,0,3,3,3,Südost
225285,14,7,13,000,2021,07,10,4,2,5,2,1,1,0,0,0,0,0,"737595,098627269268036","5693454,751807196065784",12.41163894300007,51.34263211900003,14210714144200521370,0,2,2,2,Ost
225287,14,7,13,000,2021,07,17,5,3,2,6,0,1,0,0,0,0,0,"735589,864304433576763","5693141,704350698739290",12.382692711000061,51.34065650500003,14210701144200482260,0,0,0,0,Mitte
225288,14,7,13,000,2021,05,12,2,3,5,3,0,1,0,1,0,0,0,"737789,322783522307873","5694570,015505162999034",12.415167409000048,51.35256151300007,14210524144200366370,0,1,1,1,Nordost
225290,14,7,13,000,2021,07,12,5,3,5,3,1,1,0,0,0,0,0,"735186,606678069569170","5695102,451939176768064",12.378208839000024,51.35842374200007,14210708144200503890,1,0,0,0,Mitte
225291,14,7,13,000,2021,06,14,6,3,5,2,0,1,0,1,0,0,0,"740487,226106283254921","5691559,854520410299301",12.45180773900006,51.32440835400007,14210604148210428500,0,2,2,2,Ost
225292,14,7,13,000,2021,06,16,3,3,1,5,0,1,0,0,0,0,0,"737737,261830773204565","5694906,572953814640641",12.414645955000026,51.35560422100008,14210601148110389830,0,1,1,1,Nordost
225293,14,7,13,000,2021,06,16,5,3,1,5,1,1,0,0,0,0,0,"736341,317544117569923","5690787,283372543752193",12.391900689000067,51.31921088800004,14210624144200541100,1,0,0,0,Mitte
225294,14,7,13,000,2021,06,23,7,3,1,5,1,1,0,0,0,2,0,"734713,841060191392899","5694975,930573698133230",12.371347229000037,51.35748350400007,14210605148110406120,1,9,9,9,Nord
225297,14,7,13,000,2021,06,10,2,3,5,2,1,1,0,0,0,0,0,"736221,348702428862453","5692532,068636577576399",12.391338505000022,51.33492230600007,14210628144200481160,0,0,0,0,Mitte
225304,14,7,13,000,2021,06,14,6,3,6,4,0,0,1,0,1,0,0,"735052,620215696282685","5692401,047139214351773",12.374504401000024,51.334230424000054,14210604144200455590,0,0,0,0,Mitte
225305,14,7,13,000,2021,07,19,1,3,5,3,0,1,0,1,0,0,0,"732711,979001459665596","5691935,973986964672804",12.340659156000072,51.331018130000075,14210711144200513150,1,5,5,5,Südwest
225314,14,7,13,000,2021,06,19,2,3,5,3,1,1,0,0,0,0,0,"728720,667218227870762","5695024,823245914652944",12.285448779000035,51.360366234000026,14210607144200406970,0,7,7,7,Alt-West
225317,14,7,13,000,2021,06,09,5,3,2,6,0,1,0,1,0,0,0,"733080,412870112806559","5694122,774001378566027",12.347369618000073,51.35049736000008,14210617143263503860,0,0,0,0,Mitte
225318,14,7,13,000,2021,07,14,3,3,5,3,1,1,0,0,0,0,0,"734161,343736955896020","5692192,972286263480783",12.361595839000074,51.332730284000036,14210713148410540190,0,0,0,0,Mitte
225325,14,7,13,000,2021,06,05,2,3,5,3,1,1,0,0,0,1,0,"738000,644421852193773","5695108,245508247986436",12.418556611000042,51.35730418600008,14210621144200456070,0,1,1,1,Nordost
225331,14,7,13,000,2021,06,15,4,3,2,6,0,1,0,0,0,0,0,"731420,387792658060789","5693978,408748837187886",12.323478634000026,51.349879688000044,14210609148310455720,0,7,7,7,Alt-West
225336,14,7,13,000,2021,05,11,2,2,0,7,1,0,0,0,0,0,0,"738064,194001529365778","5697641,713984284549952",12.421163833000037,51.38001772000007,14210531148110396010,0,1,1,1,Nordost
225340,14,7,13,000,2021,06,12,6,3,6,4,1,0,1,0,0,0,0,"730953,981207305565476","5692017,148191766813397",12.315520648000074,51.33246333800008,14210625148310481280,0,7,7,7,Alt-West
225343,14,7,13,000,2021,06,22,6,3,5,2,1,1,0,0,0,2,0,"737426,491881009191275","5693235,922645943239331",12.409076625000068,51.34073832800004,14210625148410464090,1,2,2,2,Ost
225351,14,7,13,000,2021,05,16,2,3,2,6,0,1,0,0,0,0,0,"740711,091403724625707","5686514,306905660778284",12.451612290000071,51.279026421000026,14210531144200389740,0,3,3,3,Südost
225352,14,7,13,000,2021,06,03,7,3,7,1,0,1,0,0,0,2,0,"729019,392779537476599","5690839,169523637741804",12.287040500000046,51.32267066400004,14210619148110455680,0,6,6,6,West
225356,14,7,13,000,2021,06,20,6,3,6,6,1,0,1,0,0,0,0,"735253,093959568068385","5692283,957846987992525",12.377299802000039,51.33309650500007,14210611144200464330,0,0,0,0,Mitte
225359,14,7,13,000,2021,06,10,6,3,6,4,0,1,1,0,0,0,0,"738210,074047109112144","5694642,907841980457306",12.421247534000031,51.35303961200003,14210625144200540880,0,1,1,1,Nordost
225369,14,7,13,000,2021,06,18,5,3,4,2,1,1,0,0,0,0,0,"738924,060398194007576","5695111,623485747724771",12.431797000000074,51.35694703900003,14210617144200436170,0,1,1,1,Nordost
225383,14,7,13,000,2021,06,14,4,2,5,3,1,1,0,0,0,0,0,"731976,076665340922773","5696394,575706319883466",12.333020095000052,51.37134245300007,14210609144200513170,0,8,8,8,Nordwest
225387,14,7,13,000,2021,05,13,2,2,3,2,1,0,0,0,0,0,1,"735629,351173100061715","5690915,220225455239415",12.381786433000059,51.32065453700005,14210531144200406980,0,4,4,4,Süd
225391,14,7,13,000,2021,06,08,6,3,5,2,1,0,0,0,1,0,0,"733824,145759325474501","5692555,750351607799530",12.357002076000072,51.33612549500003,14210625148410463670,0,0,0,0,Mitte
225399,14,7,13,000,2021,06,14,4,3,2,6,0,1,0,0,0,0,0,"734128,104455536231399","5695554,728882309049368",12.363330419000022,51.36292067100004,14210630148110503500,0,9,9,9,Nord
225403,14,7,13,000,2021,06,20,2,3,5,2,0,1,0,1,0,1,0,"736983,144128477200866","5693020,490074042230844",12.402579561000039,51.338989525000045,14210607148410464081,0,2,2,2,Ost
225404,14,7,13,000,2021,05,15,2,3,6,4,1,0,1,0,0,0,0,"735520,279014117084444","5692022,080223331227899",12.380955263000033,51.330635236000035,14210531148410414920,0,0,0,0,Mitte
225408,14,7,13,000,2021,06,15,6,3,5,2,1,0,0,0,1,0,0,"735497,457842509262264","5692042,878467310220003",12.380642016000024,51.33083137600005,14210611148410427950,0,0,0,0,Mitte
225409,14,7,13,000,2021,06,06,3,3,5,3,1,1,0,0,0,0,0,"736589,990573965013027","5693943,820988260209560",12.397558816000071,51.34744118700007,14210629148410482810,0,2,2,2,Ost
225418,14,7,13,000,2021,06,09,3,3,0,1,1,0,0,0,0,0,0,"731532,409719777293503","5691626,840426798909903",12.323555858000077,51.328724443000056,14210601148310445610,0,7,7,7,Alt-West
225420,14,7,13,000,2021,07,12,3,3,5,3,1,1,0,0,0,0,0,"735282,368569580838084","5690783,544651702046394",12.376728893000063,51.31961614100004,14210713148210521800,0,4,4,4,Süd
225424,14,7,13,000,2021,06,10,5,3,1,1,1,1,0,0,0,0,0,"733437,934130864217877","5692456,046261809766293",12.351402114000052,51.33538914900004,14210610148410415930,0,0,0,0,Mitte
225429,14,7,13,000,2021,06,17,5,3,2,6,0,1,0,0,0,0,0,"736906,077850800938904","5697130,377224892377853",12.404211592000024,51.375912302000074,14210603148110414890,0,1,1,1,Nordost