OID_,ULAND,UREGBEZ,UKREIS,UGEMEINDE,UJAHR,UMONAT,USTUNDE,UWOCHENTAG,UKATEGORIE,UART,UTYP1,IstRad,IstPKW,IstFuss,IstKrad,IstSonstige,ULICHTVERH,IstGkfz,LINREFX,LINREFY,XGCSWGS84,YGCSWGS84,UIDENTSTLAE,IstStrassenzustand,index_right,FID,SBZ,Name
225430,14,7,13,000,2021,07,22,1,3,1,5,1,1,0,0,0,2,0,"737497,587738147936761","5691550,540097853168845",12.408972122000023,51.325580556000034,14210711148410512790,1,3,3,3,Südost
225434,14,7,13,000,2021,06,10,6,2,5,2,0,1,0,0,1,0,0,"740868,331947799772024","5695028,628701977431774",12.459613010000055,51.35538141300003,14210618148210445870,0,2,2,2,Ost
225435,14,7,13,000,2021,07,06,7,3,0,1,1,0,0,0,0,0,0,"733728,662571521475911","5690741,680275246500969",12.354444109000042,51.31988062500005,14210717148310521810,1,4,4,4,Süd
225440,14,7,13,000,2021,07,12,7,2,6,4,0,1,1,0,0,0,0,"729700,769634357653558","5690345,844304714351892",12.296484924000026,51.317967364000026,14210710144200504770,0,6,6,6,West
225443,14,7,13,000,2021,06,09,5,3,0,1,0,0,0,1,0,0,0,"737359,777169692330062","5696813,089284287765622",12.410506744000031,51.37287489300007,14210624148310456160,1,1,1,1,Nordost
225447,14,7,13,000,2021,05,18,2,3,5,2,1,1,0,0,0,0,0,"734834,128755307756364","5692994,211799398064613",12.371764517000031,51.33964516200007,14210524148410396050,0,0,0,0,Mitte
225448,14,7,13,000,2021,07,13,3,3,5,3,1,1,0,0,0,0,0,"729486,260001407936215","5690007,907988345250487",12.293194460000052,51.315020204000064,14210706148310503960,0,6,6,6,West
225451,14,7,13,000,2021,06,06,3,3,5,3,0,1,0,1,0,0,0,"730816,323854907415807","5693662,788597336038947",12.31461450300003,51.34729200100003,14210601148310464060,0,7,7,7,Alt-West
225452,14,7,13,000,2021,06,18,5,3,3,6,1,1,0,0,0,0,0,"733088,063549696467817","5691593,147438991814852",12.345823879000022,51.32778671300008,14210624144200463620,1,5,5,5,Südwest
225455,14,7,13,000,2021,06,06,7,3,2,6,1,1,0,0,0,0,0,"743998,595120264217257","5690923,996488360688090",12.50167237100004,51.31720647000003,14210612148210445570,0,2,2,2,Ost
225464,14,7,13,000,2021,06,16,5,3,0,1,0,0,0,1,0,0,0,"734799,249382555484772","5692489,591154279187322",12.370932030000063,51.33512988600006,14210603148410396440,1,0,0,0,Mitte
225465,14,7,13,000,2021,07,17,2,3,1,5,1,1,0,0,0,0,0,"735538,742498530074954","5689284,499272856861353",12.379411660000073,51.30605411300007,14210712148210504810,0,4,4,4,Süd
225471,14,7,13,000,2021,05,15,6,3,5,3,1,1,0,0,0,0,0,"735773,068001506850123","5693208,615985533222556",12.385362590000057,51.341181189000054,14210528148410388780,0,0,0,0,Mitte
225481,14,7,13,000,2021,06,18,3,3,0,1,1,0,0,0,0,0,0,"737207,763384911231697","5693350,593119937926531",12.406018360000076,51.34185890400005,14210615144100435640,0,2,2,2,Ost
225487,14,7,13,000,2021,06,16,4,3,4,7,0,1,0,0,0,0,0,"743205,393001645803452","5685534,570981755852699",12.486641507000058,51.269173909000074,14210602148210541380,0,3,3,3,Südost
225498,14,7,13,000,2021,06,16,5,3,1,5,1,1,0,0,0,0,0,"730598,914330216124654","5696871,454380700364709",12.313578101000076,51.376184110000054,14210624144200481750,0,8,8,8,Nordwest
225502,14,7,13,000,2021,06,10,2,3,5,3,0,1,0,0,0,0,0,"735278,456310480833054","5691050,805372575297952",12.376849204000052,51.322016792000056,14210628144100601790,0,4,4,4,Süd
225512,14,7,13,000,2021,07,18,2,3,5,3,1,1,0,0,0,0,0,"740540,347611154429615","5693910,568287832662463",12.454155811000021,51.34548505400005,14210712143263591180,0,2,2,2,Ost
225518,14,7,13,000,2021,05,16,5,3,2,6,0,1,0,0,0,0,0,"727289,253070105798542","5693200,224223203957081",12.263757983000062,51.34456054800006,14210527144200415870,1,7,7,7,Alt-West
225525,14,7,13,000,2021,07,14,3,3,8,1,0,1,0,0,0,0,0,"730106,117279693484306","5689953,200610322877765",12.302038464000077,51.31427881900004,14210713145200549480,0,6,6,6,West
225530,14,7,13,000,2021,07,16,6,3,5,3,0,1,0,0,0,0,0,"738648,091134408488870","5695291,043295472860336",12.427961066000023,51.35867343700005,14210709148110512750,1,1,1,1,Nordost
225534,14,7,13,000,2021,06,20,5,2,5,3,1,1,0,0,0,0,0,"730921,273598420433700","5697965,660071311518550",12.318913004000024,51.38587560900004,14210617144200445550,0,8,8,8,Nordwest
225535,14,7,13,000,2021,07,07,4,3,5,3,1,1,0,0,0,0,0,"734397,037534602917731","5691541,385879289358854",12.364544609000063,51.32678425600005,14210714144200522500,0,0,0,0,Mitte
225546,14,7,13,000,2021,07,18,3,3,5,3,1,1,0,0,0,0,0,"735761,251982956193388","5693476,404093140736222",12.385370531000035,51.34358982500004,14210713148210522130,0,0,0,0,Mitte
225547,14,7,30,270,2021,06,17,1,3,4,1,0,0,0,1,0,0,0,"727759,439525653608143","5699667,756936144083738",12.274641723000059,51.40243300700007,14210613144200455220,0,8,8,8,Nordwest
225556,14,7,13,000,2021,06,13,1,2,6,4,0,0,1,0,1,0,0,"740891,566855114884675","5695119,100749615579844",12.460007327000028,51.356183601000055,14210620148210456150,0,2,2,2,Ost
225565,14,7,13,000,2021,06,13,4,2,9,1,0,0,0,1,0,0,0,"731407,463001437485218","5692061,760987520217896",12.322047963000045,51.33267950700008,14210630148310481260,0,7,7,7,Alt-West
225566,14,7,13,000,2021,05,15,4,3,0,1,0,0,0,1,0,0,0,"735139,213001500815153","5692399,352985853329301",12.37574412600003,51.33417942400007,14210526148410376600,1,0,0,0,Mitte
225571,14,7,13,000,2021,06,18,4,3,5,3,1,1,0,0,0,0,0,"727203,343944010324776","5689678,710864424705505",12.260281475000056,51.31298080500005,14210623144200456120,0,6,6,6,West
225573,14,7,13,000,2021,07,08,3,3,3,6,1,0,0,0,0,0,0,"735272,684701180085540","5692376,696300575509667",12.377641760000074,51.33392085400004,14210713148410522150,0,0,0,0,Mitte
225577,14,7,13,000,2021,06,10,5,3,6,7,0,1,1,0,0,0,0,"732030,883082645013928","5690698,299761088564992",12.330093902000044,51.32018602200003,14210610148420428860,0,5,5,5,Südwest
225580,14,7,13,000,2021,05,20,2,3,3,2,0,1,0,0,0,1,0,"731846,415545072406530","5696459,382349317893386",12.331202777000044,51.37197714300004,14210531148110389410,0,8,8,8,Nordwest
225585,14,7,13,000,2021,06,16,6,3,5,3,1,1,0,0,0,0,0,"735318,802592213265598","5692449,514225618913770",12.378350701000045,51.33455541400008,14210611148410429330,0,0,0,0,Mitte
225600,14,7,13,000,2021,06,13,7,3,6,4,0,1,1,0,0,0,0,"737814,901579365134239","5693775,783960102126002",12.41500349100005,51.34542180900007,14210626144200464040,0,2,2,2,Ost
225603,14,7,13,000,2021,07,16,4,3,1,5,1,1,0,0,0,0,0,"737687,872640388086438","5692378,416057568043470",12.412250357000062,51.33293213700006,14210707144200522120,0,2,2,2,Ost
225614,14,7,13,000,2021,06,09,6,3,1,5,1,1,0,0,0,0,0,"734519,599245461635292","5690547,638266874477267",12.365646931000072,51.317813397000066,14210625148210502620,0,4,4,4,Süd
225616,14,7,13,000,2021,06,08,3,3,5,3,1,1,0,0,0,0,0,"737280,534593077376485","5693756,074602233245969",12.407331473000056,51.345468167000035,14210615148410463680,0,2,2,2,Ost
225618,14,7,13,000,2021,05,13,5,3,5,3,0,1,0,0,0,0,0,"729778,273605353198946","5691144,454593028873205",12.298109905000047,51.325105277000034,14210527144200388710,1,6,6,6,West
225619,14,7,13,000,2021,07,10,2,3,2,6,0,1,0,0,0,0,0,"737594,021024567075074","5695339,127674065530300",12.412881334000076,51.359546726000076,14210705148110529930,0,1,1,1,Nordost
225620,14,7,13,000,2021,07,13,5,3,5,3,0,1,0,0,0,0,0,"738137,327117846347392","5690521,481723083183169",12.417449968000028,51.31607632500004,14210708148210504820,1,3,3,3,Südost
225622,14,7,13,000,2021,06,10,3,3,5,3,1,1,0,0,0,0,0,"735544,293754091486335","5697397,112005256116390",12.384857054000065,51.37887300500006,14210601144200395980,0,9,9,9,Nord
225624,14,7,13,000,2021,07,17,3,3,6,7,0,1,1,0,0,0,0,"737345,087788435630500","5694404,466211874037981",12.408688977000054,51.351261211000065,14210713144200529880,0,1,1,1,Nordost
225627,14,7,13,000,2021,05,10,3,3,6,4,1,0,1,0,0,0,0,"735148,423711978830397","5693382,142492065206170",12.37652491800003,51.34299748300003,14210525144200389730,0,0,0,0,Mitte
225628,14,7,13,000,2021,06,16,5,3,3,2,1,1,0,0,0,0,0,"732946,370218500494957","5694183,988875869661570",12.34548815900007,51.351101810000046,14210610144200427840,0,0,0,0,Mitte
225636,14,7,13,000,2021,05,17,7,3,1,5,1,1,0,0,0,0,0,"732794,942374886944890","5690876,676423519849777",12.341156119000061,51.32147519400007,14210522148310376990,0,5,5,5,Südwest
225640,14,7,13,000,2021,05,13,6,3,5,3,1,1,0,0,0,0,0,"736589,908918874338269","5689745,173413319513202",12.39477045600006,51.30975338700006,14210528148210427920,0,4,4,4,Süd
225644,14,7,13,000,2021,06,07,6,2,5,2,1,1,0,0,0,0,0,"736339,353001520968974","5692059,993985287845135",12.39271633800007,51.33063584200005,14210611144200503020,0,0,0,0,Mitte
225650,14,7,13,000,2021,07,17,5,3,2,6,0,1,0,0,0,0,0,"737495,060549277812243","5693310,950681054964662",12.410109326000054,51.341383148000034,14210701148420504360,0,2,2,2,Ost
225657,14,7,13,000,2021,06,20,7,3,0,1,1,0,0,0,0,1,0,"729935,439407881349325","5693206,140746887773275",12.30169234400006,51.34354963700008,14210605145200415430,0,7,7,7,Alt-West
225658,14,7,13,000,2021,06,09,3,3,3,6,1,1,0,0,0,0,0,"737170,204930474050343","5691666,180847749114037",12.40435881600007,51.32675512800006,14210608148410414930,0,3,3,3,Südost
225662,14,7,13,000,2021,06,09,2,3,0,1,0,0,0,0,1,0,0,"735768,003248715773225","5692887,546453081071377",12.385077472000035,51.33830128200003,14210614148410428880,0,0,0,0,Mitte
225666,14,7,13,000,2021,07,15,5,3,5,3,1,1,0,0,0,0,0,"736543,058709313161671","5690723,980517849326134",12.394748575000051,51.31855884700008,14210708144200541110,1,0,0,0,Mitte
225667,14,7,13,000,2021,06,11,2,3,1,7,1,1,0,0,0,0,0,"732905,821212413720787","5690884,055158399045467",12.342749405000063,51.32149605700005,14210607148310427940,0,5,5,5,Südwest
225669,14,7,13,000,2021,06,21,5,3,8,1,0,1,0,0,0,1,0,"737155,146065498702228","5697496,593655647709966",12.408028143000024,51.379095508000034,14210624148121463630,1,1,1,1,Nordost
225670,14,7,13,000,2021,06,13,6,3,5,3,1,1,0,0,0,0,0,"737252,222130730748177","5686990,907100435346365",12.402425682000057,51.28475498800003,14210604148210405790,0,4,4,4,Süd
225673,14,7,13,000,2021,06,09,3,3,2,6,0,1,0,1,0,0,0,"734738,005062408745289","5693132,376684127375484",12.370477993000065,51.34092507300005,14210629148310502630,0,0,0,0,Mitte
225679,14,7,13,000,2021,06,16,3,3,6,4,0,1,1,0,0,0,0,"732799,381341031752527","5691590,411060743033886",12.341685821000056,51.327880357000026,14210622144200513550,0,5,5,5,Südwest
225680,14,7,13,000,2021,06,16,5,3,2,6,1,0,0,0,0,0,0,"735058,603001503273845","5690887,501985926181078",12.373591960000056,51.32064177900003,14210603144200455210,0,4,4,4,Süd
225685,14,7,13,000,2021,06,18,3,3,5,3,1,0,0,0,1,0,0,"737534,185374731197953","5693352,618855450302362",12.410697828000025,51.34174082100003,14210615148210480440,0,2,2,2,Ost
225686,14,7,13,000,2021,07,11,7,3,2,2,0,1,0,0,0,0,0,"733974,707293687388301","5695289,570970425382257",12.360956481000073,51.36060368100004,14210703144200482750,0,9,9,9,Nord
225687,14,7,13,000,2021,05,15,4,3,5,3,0,1,0,0,0,0,0,"732848,572725622914732","5692082,417443834245205",12.342712118000065,51.33227680700003,14210526148310389180,1,5,5,5,Südwest
225696,14,7,13,000,2021,07,16,5,3,2,6,0,1,0,1,0,0,0,"734291,534001490101218","5690879,467986280098557",12.36259799000004,51.32088600900005,14210701144200482270,0,4,4,4,Süd
225706,14,7,13,000,2021,07,14,3,3,5,3,1,1,0,0,0,0,0,"735908,523835014551878","5696066,606840107589960",12.389198414000077,51.366778959000044,14210713144200521360,0,9,9,9,Nord
225707,14,7,13,000,2021,06,16,1,3,0,1,1,0,0,0,0,0,0,"735565,460184602066875","5689098,360091280192137",12.37967141300004,51.30437220500005,14210613148210445880,0,4,4,4,Süd
225713,14,7,13,000,2021,05,18,2,3,3,2,1,1,0,0,0,0,0,"736046,882221459411085","5688180,546864556148648",12.38595858900004,51.29593423700004,14210531144200389780,0,4,4,4,Süd
225717,14,7,13,000,2021,06,22,6,3,5,3,0,1,0,0,0,2,0,"735708,597531414590776","5692653,240169052034616",12.384071104000043,51.336222709000026,14210618144200445530,0,0,0,0,Mitte
225727,14,7,13,000,2021,05,19,2,3,6,4,0,1,1,0,0,0,0,"729003,597843981347978","5694887,134221490472555",12.289417104000051,51.35901622800003,14210531144200456060,0,7,7,7,Alt-West
225728,14,7,13,000,2021,06,13,2,3,1,7,0,1,0,0,0,0,0,"741216,482266730628908","5694411,168046126142144",12.464185244000078,51.34969173700006,14210621144200446510,0,2,2,2,Ost
225730,14,7,13,000,2021,07,17,2,3,5,3,0,1,0,1,0,0,0,"737027,175653443671763","5693274,299511671066284",12.40337947300003,51.341249392000066,14210712144200504760,0,2,2,2,Ost
225737,14,7,13,000,2021,05,11,5,3,2,6,0,1,0,0,0,0,0,"735020,678946864791214","5692553,682117164134979",12.374147383000036,51.33561373300006,14210527148410377020,1,0,0,0,Mitte
225739,14,7,13,000,2021,07,07,6,3,5,3,0,1,0,1,0,0,0,"729834,536565388552845","5694173,938258962705731",12.300870859000042,51.352278384000044,14210709148310522560,1,7,7,7,Alt-West
225740,14,7,13,000,2021,06,14,2,2,6,4,0,0,1,0,1,0,0,"731975,385362090542912","5690713,065917816013098",12.329308452000078,51.320341202000066,14210607144200406990,0,5,5,5,Südwest
225751,14,7,13,000,2021,06,19,3,3,5,2,0,1,0,0,0,0,0,"731172,177646052092314","5691918,801213428378105",12.31858358200003,51.33149184800004,14210601148310396040,0,7,7,7,Alt-West
225765,14,7,13,000,2021,07,13,7,3,3,6,1,0,0,0,0,0,0,"732114,264072067104280","5688668,545079406350851",12.329967798000041,51.301931284000034,14210710148310549950,0,5,5,5,Südwest
225769,14,7,13,000,2021,06,06,6,3,5,3,1,0,0,1,0,0,0,"735177,807656466029584","5689045,328665390610695",12.374085153000067,51.304056425000056,14210618144200464650,0,4,4,4,Süd
225773,14,7,13,000,2021,06,14,3,3,2,6,1,1,0,0,0,0,0,"735088,028917086310685","5689717,109523290768266",12.37324207100005,51.31012369600006,14210615148210463640,0,4,4,4,Süd
225776,14,7,13,000,2021,07,17,2,2,5,2,0,1,0,0,0,0,0,"735481,723142479546368","5697589,600429680198431",12.384087133000037,51.380626773000074,14210705148110502600,0,9,9,9,Nord
225778,14,7,13,000,2021,06,16,6,2,0,1,1,0,0,0,0,0,0,"738171,524695768952370","5693724,640712957829237",12.420080573000064,51.34481346800004,14210611144200427830,0,2,2,2,Ost
225783,14,7,13,000,2021,07,15,3,3,5,3,1,1,0,0,0,0,0,"731599,736376827582717","5690701,482921905815601",12.323919364000062,51.32039023800007,14210713148310562530,0,5,5,5,Südwest
225785,14,7,13,000,2021,06,08,6,3,6,7,0,0,1,0,1,0,0,"738099,578135550022125","5694070,671525392681360",12.41928082100003,51.34794955500007,14210625148410481300,0,1,1,1,Nordost
225791,14,7,13,000,2021,07,17,6,3,5,3,0,1,0,0,0,0,0,"732401,750001455657184","5690886,052987121045589",12.335529267000027,51.32172009300007,14210709148310503950,1,5,5,5,Südwest
225794,14,7,13,000,2021,06,12,4,3,0,7,1,1,0,0,0,0,0,"735327,722730565816164","5691842,579712135717273",12.378077695000059,51.32910367000005,14210623148220513200,0,0,0,0,Mitte
225795,14,7,13,000,2021,07,12,3,3,5,7,0,1,0,0,1,0,0,"737292,675923277623951","5692936,451251624152064",12.406959372000074,51.33810611100006,14210713144200521040,0,3,3,3,Südost
225799,14,7,13,000,2021,07,15,5,3,5,3,0,0,0,1,0,0,1,"729177,648786959238350","5699224,979518506675959",12.294710205000058,51.39788711400007,14210708144200503880,1,8,8,8,Nordwest
225801,14,7,13,000,2021,06,09,3,3,6,2,0,0,1,0,1,0,0,"732301,271715068258345","5691727,841080270707607",12.334638368000071,51.32931765100005,14210601144200395960,0,5,5,5,Südwest
225806,14,7,13,000,2021,06,02,7,2,6,6,1,0,1,0,0,2,0,"733690,040597365237772","5691913,611232992261648",12.35465911500006,51.33041641500006,14210626145500541120,0,0,0,0,Mitte
225807,14,7,13,000,2021,05,14,7,2,6,4,0,1,1,0,0,0,0,"731033,783424676395953","5691659,022783853113651",12.316432023000061,51.32921606800005,14210522144200375960,0,7,7,7,Alt-West
225808,14,7,13,000,2021,06,16,4,3,4,6,1,1,0,0,0,0,0,"732132,063111878000200","5696239,420269729569554",12.33515592200007,51.36988594500008,14210609148110429300,0,8,8,8,Nordwest
225814,14,7,13,000,2021,06,12,7,3,5,3,0,1,0,1,0,0,0,"735723,476037553511560","5690372,031672319397330",12.382775748000029,51.31573971700004,14210619144200446160,0,4,4,4,Süd
225815,14,7,13,000,2021,06,06,6,1,9,1,0,0,0,1,0,0,0,"730124,196423086337745","5700968,932266535237432",12.309424729000057,51.41315928700004,14210604144200429240,0,8,8,8,Nordwest
225819,14,7,13,000,2021,06,14,6,3,5,2,1,0,0,0,1,0,0,"733670,962342320010066","5697377,493698744103312",12.357973558000026,51.379470869000045,14210618148122592130,0,9,9,9,Nord
225821,14,7,13,000,2021,06,13,6,3,1,5,1,1,0,0,0,0,0,"734172,192007591947913","5696456,713638383895159",12.364556539000034,51.37099909700004,14210625144200479900,0,9,9,9,Nord
225824,14,7,13,000,2021,07,19,5,3,5,3,1,1,0,0,0,0,0,"727878,765218988992274","5689395,683467976748943",12.269775805000052,51.31016995200008,14210701148310502110,0,6,6,6,West
225826,14,7,13,000,2021,07,06,2,3,5,3,1,1,0,0,0,0,0,"735670,923980999737978","5689234,217037467285991",12.381271396000045,51.30554806200007,14210705148220502100,1,4,4,4,Süd
225828,14,7,13,000,2021,06,15,2,3,5,3,1,1,0,0,0,0,0,"734978,300001503899693","5690000,569985980167985",12.371857219000049,51.31271346600005,14210607148210427900,0,4,4,4,Süd
225830,14,7,13,000,2021,06,21,5,2,0,1,0,0,0,1,0,1,0,"735452,553225349634886","5692668,729514436796308",12.380412183000033,51.336467807000076,14210624144200521400,1,0,0,0,Mitte
225836,14,7,13,000,2021,07,14,4,3,5,2,1,1,0,0,0,0,0,"732081,494001448154449","5692452,904987229034305",12.331961497000066,51.33591609200005,14210707144100549850,0,7,7,7,Alt-West
225837,14,7,13,000,2021,07,10,7,3,4,6,1,0,0,0,0,0,0,"742282,786782175302505","5694013,132378052920103",12.47919765000006,51.34566575800005,14210703148210503940,0,2,2,2,Ost
225843,14,7,13,000,2021,06,17,3,3,0,1,1,0,0,0,0,0,0,"737167,854177891276777","5691666,996425449848175",12.404325680000056,51.32676342900004,14210608148310414910,0,3,3,3,Südost
225846,14,7,13,000,2021,06,15,5,3,3,2,1,1,0,0,0,0,0,"736207,184627306647599","5692522,556960307061672",12.391129233000072,51.334842809000065,14210610148410445620,0,0,0,0,Mitte
225850,14,7,13,000,2021,06,19,2,3,6,4,1,0,1,0,0,0,0,"735407,653001504018903","5692536,836985720321536",12.379681597000058,51.33530248400007,14210621144200481760,0,0,0,0,Mitte
225851,14,7,13,000,2021,06,16,5,3,5,2,1,1,0,0,0,0,0,"737715,180433310568333","5692663,647717980667949",12.412831948000075,51.33548097000005,14210603148210429320,0,2,2,2,Ost
225856,14,7,13,000,2021,07,17,7,3,0,1,1,0,0,0,0,0,0,"731781,095519168302417","5689681,480895414948463",12.325854656000047,51.31115999200006,14210717148310540640,0,5,5,5,Südwest
225859,14,7,13,000,2021,05,07,5,3,5,4,1,0,1,0,0,0,0,"738139,021151012741029","5691173,257990485057235",12.417909491000046,51.321925959000055,14210527148210388950,0,3,3,3,Südost
225860,14,7,13,000,2021,06,17,7,3,3,6,0,1,0,1,0,0,0,"737377,810112038627267","5693155,472403578460217",12.408325339000044,51.34003652700005,14210619144000445960,0,2,2,2,Ost
225861,14,7,13,000,2021,07,10,7,3,5,3,0,1,0,0,1,0,0,"734164,008399434387684","5696463,404268084093928",12.364443582000035,51.37106252900003,14210710144200591200,0,9,9,9,Nord
225870,14,7,13,000,2021,07,15,3,2,0,7,1,0,0,0,0,0,0,"729494,416535218246281","5688983,447497084736824",12.292652300000043,51.30582017100005,14210706148310504350,1,5,5,5,Südwest
225872,14,7,13,000,2021,06,16,2,3,4,1,0,1,0,0,0,0,0,"732171,769078500568867","5694005,798097692430019",12.334267662000059,51.34981916000004,14210607144200540600,0,7,7,7,Alt-West
225873,14,7,13,000,2021,06,09,3,3,3,2,1,0,0,0,1,0,0,"734997,995715992525220","5692275,871191896498203",12.37363909000004,51.33312936900006,14210601148410435760,0,0,0,0,Mitte
225874,14,7,13,000,2021,06,07,5,3,0,7,0,1,0,0,1,0,0,"734754,789516378194094","5699274,303484404459596",12.37477343300003,51.396050168000045,14210624148110456140,0,9,9,9,Nord
225886,14,7,13,000,2021,07,16,2,3,1,7,0,1,0,0,0,0,0,"730473,788945575244725","5693783,508728461340070",12.309782539000025,51.34851467200008,14210712148310504840,0,7,7,7,Alt-West
225888,14,7,13,000,2021,06,17,3,2,5,2,1,1,0,0,0,0,0,"732246,717289179563522","5696067,058686137199402",12.336687634000043,51.368291846000034,14210608144200415410,0,8,8,8,Nordwest
225890,14,7,13,000,2021,06,20,4,3,5,2,1,1,0,0,0,0,0,"735010,783279591239989","5692388,333617806434631",12.37389650700004,51.33413359100007,14210616145500436240,0,0,0,0,Mitte
225892,14,7,13,000,2021,05,15,4,3,4,1,1,1,0,0,0,0,0,"735043,029550582170486","5693316,994556307792664",12.374971371000072,51.34245627000007,14210526148410406430,1,0,0,0,Mitte
225895,14,7,13,000,2021,06,13,2,2,6,4,0,1,1,0,0,0,0,"738598,422297674231231","5696808,692372445017099",12.428267153000036,51.37231645700007,14210607144200407000,0,1,1,1,Nordost
225901,14,7,13,000,2021,05,11,2,3,5,3,1,1,0,0,0,0,0,"737205,452431456185877","5697116,613201133906841",12.40849608600007,51.37566379500004,14210524148110436250,0,1,1,1,Nordost
225906,14,7,13,000,2021,05,16,5,3,5,3,0,1,0,1,0,0,0,"730533,206876700744033","5691809,254272732883692",12.309356439000055,51.33076777700006,14210527148310415440,1,6,6,6,West
225907,14,7,13,000,2021,06,11,6,3,5,2,1,1,0,0,0,0,0,"735755,866787466220558","5692866,504859069362283",12.38488962100007,51.33811743900003,14210618148415463280,0,0,0,0,Mitte
225910,14,7,13,000,2021,06,18,4,3,5,3,1,1,0,0,0,0,0,"735184,103971641510725","5688970,398846365511417",12.374125943000024,51.30338122200004,14210602148220463650,0,4,4,4,Süd
225916,14,7,13,000,2021,07,16,2,3,3,6,0,1,0,0,0,0,0,"735916,726100050844252","5690923,273475775495172",12.385908482000048,51.320607755000026,14210705148210541700,0,0,0,0,Mitte
225918,14,7,13,000,2021,06,00,7,3,0,6,1,1,0,0,0,2,0,"737189,247096910141408","5693994,240073166787624",12.406181744000037,51.347644047000074,14210605144200414870,0,2,2,2,Ost
225922,14,7,13,000,2021,07,17,3,3,5,3,1,1,0,0,0,0,0,"732484,860680812969804","5691231,864378673955798",12.336945447000062,51.32479040000004,14210713148310540660,0,5,5,5,Südwest
225929,14,7,13,000,2021,05,14,2,3,2,6,1,1,0,0,0,0,0,"738463,839044657535851","5690288,277634348720312",12.421970785000042,51.313846381000076,14210531148210415920,0,3,3,3,Südost
225931,14,7,13,000,2021,06,10,6,3,2,6,0,1,0,0,0,0,0,"737214,632411370985210","5697097,589363807812333",12.408615050000037,51.37548920300003,14210604144200414860,0,1,1,1,Nordost
225932,14,7,13,000,2021,07,16,2,3,5,2,1,0,0,0,0,0,0,"733494,023814613930881","5692245,429165724664927",12.352067866000027,51.333475502000056,14210712144200504730,0,0,0,0,Mitte
225935,14,7,13,000,2021,06,11,3,3,8,7,0,1,0,0,0,0,0,"742262,778001597151160","5694718,858982050791383",12.47939115500003,51.352008442000056,14210608144200407010,0,2,2,2,Ost
225941,14,7,13,000,2021,07,18,2,2,5,3,1,1,0,0,0,0,0,"737198,027637396939099","5700106,576553665101528",12.410386457000072,51.40250471100006,14210705144310502580,0,9,9,9,Nord
225947,14,7,13,000,2021,07,08,3,3,5,3,1,1,0,0,0,0,0,"734874,202001488767564","5694490,373985931277275",12.373325829000066,51.35305872200007,14210713148410522170,0,0,0,0,Mitte
225951,14,7,13,000,2021,07,16,6,3,2,6,0,1,0,0,0,0,0,"739265,597561425529420","5691551,069168146699667",12.43430122600006,51.32484453700005,14210709144200503870,1,2,2,2,Ost
225954,14,7,13,000,2021,06,07,2,3,1,7,1,1,0,0,0,0,0,"734635,584514178335667","5695386,433967243880033",12.370496002000039,51.361200652000036,14210621145500455650,0,9,9,9,Nord
225959,14,7,13,000,2021,06,08,4,3,5,3,0,1,0,0,0,0,0,"738701,277006356045604","5691062,832774491980672",12.42588992100002,51.32069920500004,14210609148210455700,0,3,3,3,Südost
225967,14,7,13,000,2021,06,15,2,3,5,3,1,1,0,0,0,0,0,"738378,610438130795956","5691285,126201743260026",12.421416433000047,51.322829762000026,14210621144200456100,0,3,3,3,Südost
225968,14,7,13,000,2021,06,01,7,3,0,1,1,0,0,0,0,2,0,"735071,456909398548305","5689694,642554964870214",12.372989921000055,51.309928866000064,14210605662223406240,0,4,4,4,Süd
225970,14,7,13,000,2021,07,08,3,3,3,2,1,1,0,0,0,0,0,"737248,367001534439623","5692229,234984830021858",12.40585345900007,51.33177656600003,14210713148410513240,0,3,3,3,Südost
225973,14,7,13,000,2021,05,14,7,3,5,2,1,1,0,0,0,0,0,"730176,984749568626285","5689972,138138530775905",12.303065824000043,51.31442016700004,14210522148310375990,0,5,5,5,Südwest
225978,14,7,13,000,2021,05,16,2,3,0,7,1,0,0,0,0,0,0,"735282,663184794597328","5695292,578658515587449",12.379711749000023,51.36009061300007,14210531144200389710,0,0,0,0,Mitte
225982,14,7,13,000,2021,06,08,6,3,4,1,1,1,0,0,0,0,0,"730935,648957758210599","5697786,296022502705455",12.319002639000075,51.38425964500004,14210611144200427850,0,8,8,8,Nordwest