OID_,ULAND,UREGBEZ,UKREIS,UGEMEINDE,UJAHR,UMONAT,USTUNDE,UWOCHENTAG,UKATEGORIE,UART,UTYP1,IstRad,IstPKW,IstFuss,IstKrad,IstSonstige,ULICHTVERH,IstGkfz,LINREFX,LINREFY,XGCSWGS84,YGCSWGS84,UIDENTSTLAE,IstStrassenzustand,index_right,FID,SBZ,Name
227624,14,7,13,000,2021,11,21,5,3,7,7,0,0,0,1,0,2,0,"732587,297894488088787","5700105,499156316742301",12.344216103000065,51.404403916000035,14211118148121047630,0,8,8,8,Nordwest
227627,14,7,13,000,2021,10,00,7,3,5,2,0,1,0,0,0,2,0,"737773,612608237192035","5693736,542476624250412",12.414385510000045,51.34508684700006,14211016144200793290,0,2,2,2,Ost
227640,14,7,13,000,2021,11,13,3,3,1,6,0,1,0,0,0,0,0,"738968,369695940986276","5693675,076970001682639",12.431467799000075,51.34403423300006,14211116148210903780,0,2,2,2,Ost
227644,14,7,13,000,2021,10,16,3,3,1,5,0,0,0,0,1,0,0,"736932,623510835692286","5697651,996045641601086",12.404940074000024,51.38058329300003,14211026144200813350,0,1,1,1,Nordost
227654,14,7,13,000,2021,10,14,4,3,0,1,1,1,0,0,0,0,0,"739314,013251628726721","5693854,879325801506639",12.43654233500007,51.34550272200005,14211013144000783560,0,2,2,2,Ost
227657,14,7,13,000,2021,12,07,3,3,2,2,1,1,0,0,0,1,0,"734946,439450773410499","5695783,568741025403142",12.375215378000064,51.364637017000064,14211221148110001850,0,9,9,9,Nord
227666,14,7,13,000,2021,10,12,4,3,1,6,1,0,0,0,1,0,0,"735245,696771522983909","5697987,463619755581021",12.380964993000077,51.38429592400007,14211006144200767910,0,9,9,9,Nord
227671,14,7,13,000,2021,11,13,5,3,5,3,1,1,0,0,0,0,0,"734834,100410121493042","5692993,506049165502191",12.371763645000044,51.33963883800004,14211111148410854990,0,0,0,0,Mitte
227677,14,7,13,000,2021,10,12,6,2,0,7,1,0,0,0,0,0,0,"737735,916432909667492","5693918,553029514849186",12.41396676100004,51.34673633700004,14211029144200922370,0,2,2,2,Ost
227678,14,7,13,000,2021,09,09,3,3,1,7,1,0,0,0,0,0,0,"731492,994400939904153","5691537,961747771129012",12.322933358000057,51.32794263300008,14210928148310725630,1,5,5,5,Südwest
227682,14,7,13,000,2021,10,09,6,3,5,3,1,1,0,0,0,0,0,"737309,082618826068938","5697090,787199594080448",12.409965114000045,51.37538868900003,14211008144200767890,0,1,1,1,Nordost
227686,14,7,13,000,2021,11,19,5,3,5,2,1,1,0,0,0,2,0,"735095,974662303924561","5694521,808154338970780",12.376525816000026,51.35324919800007,14211118662221880410,0,0,0,0,Mitte
227687,14,7,13,000,2021,10,17,4,3,6,4,0,1,1,0,0,0,0,"742276,988825660198927","5694229,360885277390480",12.479261695000048,51.34760896000006,14211013144310783850,0,2,2,2,Ost
227689,14,7,13,000,2021,11,15,6,3,6,7,0,1,1,0,0,0,0,"727884,464087726548314","5690279,624595511704683",12.270422178000047,51.31810312600004,14211126148310912660,0,6,6,6,West
227707,14,7,13,000,2021,12,16,3,3,1,1,0,1,0,0,0,2,0,"729256,566176856867969","5694723,568286970257759",12.292938914000047,51.35744588000006,14211214148310963470,1,7,7,7,Alt-West
227717,14,7,13,000,2021,11,07,5,3,3,2,0,1,0,1,0,0,0,"737532,980746910907328","5691927,161816997453570",12.409730166000031,51.32894636000003,14211111148410934930,0,3,3,3,Südost
227722,14,7,13,000,2021,10,18,6,3,1,7,0,1,0,0,0,2,0,"734261,641141991131008","5695314,094685262069106",12.365086695000059,51.36070559600006,14211029144200834350,0,9,9,9,Nord
227725,14,7,13,000,2021,10,16,1,3,0,1,1,0,0,0,0,0,0,"738618,195070520043373","5693597,127814413979650",12.426396891000024,51.34348164000005,14211017148410793851,0,2,2,2,Ost
227727,14,7,13,000,2021,09,14,5,3,5,3,1,1,0,0,0,0,0,"738676,296645358204842","5694191,606451241299510",12.42762810000005,51.34879321300008,14210930143263738710,0,2,2,2,Ost
227728,14,7,13,000,2021,10,07,3,3,6,7,1,0,1,0,0,0,0,"734980,026275395415723","5696055,829160736873746",12.375876874000028,51.36706702200007,14211005148121047620,0,9,9,9,Nord
227729,14,7,13,000,2021,12,17,2,3,2,2,0,1,0,0,0,2,0,"735397,447651930153370","5690908,498415183275938",12.378459896000038,51.32069018000004,14211206148410934920,0,4,4,4,Süd
227731,14,7,13,000,2021,12,07,6,3,5,2,0,1,0,0,0,0,0,"738795,039024537429214","5696080,065396390855312",12.430597452000029,51.365693822000026,14211217148110963240,0,1,1,1,Nordost
227732,14,7,13,000,2021,11,14,2,3,5,2,1,1,0,0,0,0,0,"735043,309446471743286","5690881,759576901793480",12.37336908800006,51.32059655000006,14211108144200848040,1,4,4,4,Süd
227740,14,7,13,000,2021,11,19,3,3,0,1,0,1,0,0,0,2,0,"735638,678295533172786","5695930,320180680602789",12.385238625000056,51.36566761000006,14211130144200963200,1,9,9,9,Nord
227744,14,7,13,000,2021,10,14,1,3,6,4,1,0,1,0,0,0,0,"732924,157001467421651","5690279,392986902967095",12.342617130000065,51.31606068600007,14211010148310935270,0,5,5,5,Südwest
227755,14,7,13,000,2021,10,12,3,3,5,3,1,1,0,0,0,0,0,"728909,458006734028459","5689666,219489183276892",12.284712525000032,51.31218507400007,14211026148323813830,0,6,6,6,West
227759,14,7,13,000,2021,12,19,4,3,5,3,1,1,0,0,0,2,0,"737042,687382953241467","5691090,505952220410109",12.402149101000077,51.321640939000076,14211208148410937350,1,0,0,0,Mitte
227767,14,7,13,000,2021,10,17,5,3,6,4,0,1,1,0,0,1,0,"734279,555235636420548","5695540,901313778012991",12.365492924000023,51.362734121000074,14211021148110807680,1,9,9,9,Nord
227768,14,7,13,000,2021,10,20,1,3,0,7,1,1,0,0,0,2,0,"733919,846767157316208","5693475,326541865244508",12.358977480000021,51.34434072800008,14211031148410825040,0,0,0,0,Mitte
227770,14,7,13,000,2021,10,14,3,2,9,1,0,1,0,0,0,0,0,"742237,153809367679060","5686192,938293932005763",12.473234071000036,51.275495352000064,14211005144200766820,0,3,3,3,Südost
227778,14,7,13,000,2021,10,16,6,3,6,4,1,0,1,0,0,0,0,"735370,617348680272698","5695438,748495124280453",12.381069513000057,51.36136624900007,14211029148110824740,0,9,9,9,Nord
227780,14,7,13,000,2021,11,06,6,3,1,6,0,1,0,0,0,2,0,"741269,253556473180652","5693987,549180801957846",12.464654537000058,51.345867147000035,14211126144200903360,0,2,2,2,Ost
227781,14,7,13,000,2021,10,04,1,2,9,1,0,1,0,0,0,2,0,"738545,246001549996436","5693716,785984130576253",12.425431562000028,51.34458628800007,14211017144200793300,0,2,2,2,Ost
227783,14,7,13,000,2021,11,11,4,3,1,6,0,1,0,0,0,0,0,"731643,487231471575797","5696561,353763213381171",12.32835880500005,51.37297531000007,14211103148110854900,0,8,8,8,Nordwest
227785,14,7,13,000,2021,10,19,6,3,5,2,0,1,0,0,0,2,0,"731863,586326246149838","5689254,543273530900478",12.326758737000034,51.30729384000006,14211008144200768260,0,5,5,5,Südwest
227787,14,7,13,000,2021,12,11,2,3,5,3,1,0,0,0,1,0,0,"735052,289629364386201","5690656,404311072081327",12.373349183000073,51.31856996000005,14211220148222993640,0,4,4,4,Süd
227788,14,7,13,000,2021,10,06,5,3,2,2,0,1,0,0,0,1,0,"736168,554925626143813","5692946,822194090113044",12.39085695600005,51.33866715000005,14211014148410793370,1,0,0,0,Mitte
227793,14,7,13,000,2021,11,07,2,3,6,4,1,0,1,0,0,1,0,"733445,275709532201290","5695776,499732146039605",12.353684980000025,51.36519236500004,14211115148110878550,1,8,8,8,Nordwest
227796,14,7,13,000,2021,11,16,2,3,6,2,0,1,1,0,0,1,0,"736537,211492948234081","5695717,034011188894510",12.397980976000042,51.36337974300005,14211101144200834310,0,9,9,9,Nord
227797,14,7,13,000,2021,10,21,6,3,3,6,1,0,0,0,0,2,0,"731114,549802144058049","5686910,003524132072926",12.31451333700005,51.28655153700004,14211001148322834380,0,5,5,5,Südwest
227799,14,7,13,000,2021,12,16,7,3,5,2,0,1,0,0,1,1,0,"734805,699595967307687","5692638,474340613931417",12.371122590000027,51.33646365900006,14211204144200978990,0,0,0,0,Mitte
227803,14,7,13,000,2021,10,11,6,3,3,2,1,1,0,0,0,0,0,"735663,601605391129851","5696053,084552202373743",12.385677359000056,51.36675923200005,14211008148110769720,0,9,9,9,Nord
227805,14,7,13,000,2021,12,19,6,3,8,1,0,1,0,0,0,2,0,"730064,154292792081833","5690056,114118235185742",12.301503747000027,51.31521964500007,14211224148310066740,1,6,6,6,West
227807,14,7,13,000,2021,12,14,5,3,5,3,1,1,0,0,0,0,0,"734964,317622609436512","5695237,982459560036659",12.375111349000065,51.35973226300007,14211216144200031560,0,0,0,0,Mitte
227808,14,7,13,000,2021,11,10,6,3,5,3,1,1,0,0,0,0,0,"738086,396081962622702","5697555,512356925755739",12.421424529000035,51.379234677000056,14211126148110902740,0,1,1,1,Nordost
227810,14,7,13,000,2021,11,06,3,3,5,3,0,1,0,0,1,2,0,"735184,128275272436440","5688970,705146888270974",12.374126493000063,51.303383962000055,14211109148210848100,1,4,4,4,Süd
227811,14,7,13,000,2021,11,08,1,2,1,1,1,0,0,0,1,0,0,"729819,921174893155694","5690746,661438131704926",12.29845018800006,51.321517431000075,14211114148323890630,0,6,6,6,West
227813,14,7,13,000,2021,10,16,3,3,6,4,1,0,1,0,0,0,0,"737261,951365243643522","5694399,804140042513609",12.407494153000073,51.35125407100003,14211026144200813370,0,1,1,1,Nordost
227815,14,7,13,000,2021,10,20,7,3,0,6,0,1,0,0,1,2,0,"739936,244503921829164","5694074,834163863211870",12.445608461000063,51.34721471800003,14211002144200767090,0,2,2,2,Ost
227820,14,7,13,000,2021,11,07,6,3,5,2,1,1,0,0,0,0,0,"734505,681969936937094","5690905,302905367687345",12.365682786000036,51.32102970200003,14211105144200903750,1,4,4,4,Süd
227821,14,7,13,000,2021,11,15,7,3,3,6,0,1,0,0,0,0,0,"739928,820092614740133","5694038,326324632391334",12.44547744700003,51.34689016900006,14211113148210923480,0,2,2,2,Ost
227822,14,7,13,000,2021,10,17,3,3,5,3,1,0,0,0,0,0,0,"735174,222001497633755","5693485,316985810175538",12.37696280700004,51.34391294200003,14211012144200782660,1,0,0,0,Mitte
227824,14,7,13,000,2021,12,18,4,3,5,3,0,1,0,0,1,2,0,"735761,657509943470359","5693474,562755133956671",12.385375124000063,51.34357312900005,14211229148410993370,1,0,0,0,Mitte
227826,14,7,13,000,2021,10,15,1,3,0,6,1,0,0,0,0,0,0,"734846,889041917398572","5687310,932569406926632",12.36820553800004,51.28862422900005,14211031148210825450,0,4,4,4,Süd
227833,14,7,13,000,2021,10,10,2,3,6,2,0,1,1,0,0,0,0,"737252,081679063849151","5692227,947290839627385",12.405905827000026,51.33176345800007,14211011148410769160,0,3,3,3,Südost
227837,14,7,13,000,2021,10,19,6,3,6,4,0,1,1,0,0,2,0,"738968,614791010506451","5697664,050418959930539",12.434151042000053,51.379838318000054,14211029148110846320,0,1,1,1,Nordost
227840,14,7,13,000,2021,10,17,6,3,0,1,1,0,0,0,0,1,0,"736535,350702435709536","5693006,143766677007079",12.396152799000049,51.33904718400004,14211015148410782770,1,3,3,3,Südost
227844,14,7,13,000,2021,10,10,5,3,5,2,1,1,0,0,0,0,0,"738646,235832757316530","5695290,909286830574274",12.427934377000042,51.35867301300004,14211007144200770820,0,1,1,1,Nordost
227847,14,7,13,000,2021,10,11,4,3,5,3,0,1,0,0,0,0,0,"730511,147720522247255","5689715,063681604340672",12.307686404000037,51.31197716400004,14211027144200813760,0,6,6,6,West
227850,14,7,13,000,2021,11,17,3,3,5,2,1,1,0,0,0,1,0,"735782,792018665000796","5693130,580760862678289",12.385450290000051,51.34047669200004,14211123144200902710,1,0,0,0,Mitte
227852,14,7,13,000,2021,11,18,4,3,5,2,1,1,0,0,0,2,0,"735015,909123619087040","5692057,481364833191037",12.373751737000077,51.33116161600003,14211110144200854860,0,0,0,0,Mitte
227856,14,7,13,000,2021,10,20,7,3,5,3,1,1,0,0,0,2,0,"734403,034747867844999","5692969,944913299754262",12.365570344000048,51.339605196000036,14211030148410824780,0,0,0,0,Mitte
227862,14,7,13,000,2021,11,07,6,3,1,5,0,1,0,0,1,0,0,"737187,362798077985644","5693870,062558162957430",12.406072007000034,51.34653020800005,14211105148410846860,1,2,2,2,Ost
227868,14,7,13,000,2021,10,19,6,3,3,2,1,1,0,0,0,2,0,"734121,633982640691102","5696550,466120552271605",12.363893211000061,51.37186150000008,14211022662211880270,1,9,9,9,Nord
227874,14,7,13,000,2021,11,10,2,3,5,2,0,1,0,0,0,0,0,"738792,539295672439039","5696083,766788348555565",12.430564094000033,51.365728096000055,14211108148110848080,0,1,1,1,Nordost
227878,14,7,13,000,2021,12,12,4,3,5,3,0,1,0,0,0,0,0,"740466,726775201968849","5693910,771893091499805",12.453100816000074,51.34551802400006,14211229144200993620,1,2,2,2,Ost
227882,14,7,13,000,2021,09,08,5,3,1,5,1,1,0,0,0,0,0,"736726,948749715462327","5689340,342936309054494",12.396464525000056,51.30606257100004,14210930148210737680,0,4,4,4,Süd
227883,14,7,13,000,2021,10,17,4,3,1,5,0,1,0,0,0,0,0,"736198,922829782590270","5687894,665027620270848",12.387946341000031,51.29330503800003,14211006144200825410,0,4,4,4,Süd
227884,14,7,13,000,2021,12,10,5,3,5,3,1,1,0,0,0,0,0,"732383,122001442126930","5696305,135987021028996",12.338799386000062,51.37037319900003,14211202148110963250,0,8,8,8,Nordwest
227888,14,7,13,000,2021,12,14,7,3,1,5,1,1,0,0,0,0,0,"735390,021247321739793","5691312,542332185432315",12.37862027400007,51.32432009400003,14211211148410964630,0,4,4,4,Süd
227889,14,7,13,000,2021,12,18,3,3,5,3,1,1,0,0,0,2,0,"732843,797043426893651","5692082,357385011389852",12.342643646000056,51.33227822300006,14211228144200993340,1,5,5,5,Südwest
227894,14,7,13,000,2021,10,07,6,3,2,2,0,1,0,0,0,0,0,"739921,153917568735778","5693974,407103030011058",12.445324498000048,51.346319684000036,14211015148210782730,0,2,2,2,Ost
227897,14,7,13,000,2021,10,17,6,2,5,3,0,1,0,1,0,1,0,"738387,445998731069267","5696433,219269279390574",12.424989839000034,51.36903485200003,14211015144200783480,1,1,1,1,Nordost
227900,14,7,13,000,2021,10,16,5,3,2,2,0,1,0,0,1,0,0,"729921,143798742443323","5690166,759199379011989",12.29952647600004,51.31627070800005,14211007148310767430,0,6,6,6,West
227902,14,7,13,000,2021,10,13,5,3,3,2,0,0,0,0,1,0,0,"735379,449001487344503","5697763,326985619962215",12.382735196000056,51.38222858700004,14211014148110783090,1,9,9,9,Nord
227903,14,7,13,000,2021,12,19,3,2,5,3,1,1,0,0,0,2,0,"732939,825585188344121","5692914,257907878607512",12.344563644000061,51.339706586000034,14211214148323081120,1,7,7,7,Alt-West
227905,14,7,13,000,2021,12,17,2,3,6,4,0,1,1,0,0,2,0,"742260,948691291734576","5694026,315475078299642",12.478893644000038,51.34579338700007,14211220144200065980,0,2,2,2,Ost
227909,14,7,13,000,2021,12,20,3,3,0,1,1,0,0,0,0,2,0,"729255,949001390486956","5694931,263988347724080",12.29306389800007,51.35931063100003,14211214148310963480,1,7,7,7,Alt-West
227916,14,7,13,000,2021,12,13,6,3,3,5,0,1,0,1,0,0,0,"733697,489910281263292","5695388,541982868686318",12.357046723000053,51.36160617500008,14211203144200922380,0,9,9,9,Nord
227917,14,7,13,000,2021,11,19,6,3,0,7,0,0,0,0,1,2,0,"735650,271629256196320","5693444,748143438249826",12.383758965000027,51.34335168000007,14211119148410880940,0,0,0,0,Mitte
227930,14,7,13,000,2021,11,18,5,3,5,2,0,1,0,0,0,2,0,"734796,642773268744349","5691471,892656741663814",12.370224139000072,51.32599567400007,14211104148410922440,1,0,0,0,Mitte
227931,14,7,13,000,2021,10,10,2,3,3,2,1,1,0,0,0,0,0,"735699,338370179757476","5695709,830280706286430",12.385962327000072,51.363663280000026,14211004145500783530,1,9,9,9,Nord
227938,14,7,13,000,2021,10,14,4,3,5,2,0,1,0,0,1,0,0,"734404,896001487039030","5692968,703986184671521",12.365596202000063,51.33959328900005,14211013148410783130,0,0,0,0,Mitte
227940,14,7,13,000,2021,11,19,2,3,6,7,0,1,1,0,0,2,0,"734848,525515596382320","5691821,255528945475817",12.371197668000036,51.32911028700005,14211129148210912651,0,0,0,0,Mitte
227945,14,7,13,000,2021,10,14,7,3,6,4,1,0,1,0,0,0,0,"737232,255060464143753","5692153,202770279720426",12.405571983000073,51.33110081400008,14211002148410737930,0,3,3,3,Südost
227948,14,7,13,000,2021,11,08,5,3,6,4,1,0,1,0,0,0,0,"735047,351056028157473","5691295,198517907410860",12.37369955500003,51.32430607500004,14211104148210834820,1,4,4,4,Süd
227949,14,7,13,000,2021,10,14,2,3,5,3,1,1,0,0,0,0,0,"737095,840819475241005","5696340,207225056365132",12.406406226000058,51.36874053000008,14211004144200768610,0,1,1,1,Nordost
227955,14,7,13,000,2021,10,14,5,3,5,2,1,1,0,0,0,0,0,"731597,808676984161139","5690701,430580150336027",12.32389171400007,51.32039055300004,14211014148310770840,1,5,5,5,Südwest
227958,14,7,13,000,2021,11,11,5,3,3,6,1,1,0,0,0,0,0,"740268,893001561053097","5697687,369983104988933",12.452816399000028,51.37949894500008,14211111144200858650,0,1,1,1,Nordost
227959,14,7,13,000,2021,11,17,4,3,5,2,0,1,0,0,0,2,0,"734637,337054611183703","5695396,676783546805382",12.370527886000048,51.36129187200004,14211117148110923460,1,9,9,9,Nord
227962,14,7,13,000,2021,10,11,6,3,5,5,1,1,0,0,0,0,0,"735226,751814570277929","5693943,900477273389697",12.378018668000038,51.348007608000046,14211001144320936280,0,0,0,0,Mitte
227965,14,7,13,000,2021,10,08,3,3,6,7,0,1,0,0,1,0,0,"732057,640253155492246","5696372,981867006048560",12.334175771000048,51.37111529500004,14211012148222769770,1,8,8,8,Nordwest
227970,14,7,13,000,2021,11,17,3,3,5,3,0,1,0,0,0,2,0,"737333,681789351627231","5693071,732586132362485",12.40763713900003,51.33930329300006,14211116144100891030,0,2,2,2,Ost
227972,14,7,13,000,2021,12,17,4,3,5,3,0,1,0,1,0,1,0,"737406,507001533173025","5693749,979984715580940",12.40913292700003,51.34536087300006,14211215144000067770,0,2,2,2,Ost
227975,14,7,13,000,2021,11,20,2,3,5,6,1,1,0,0,0,2,0,"732687,907865731976926","5691861,529179746285081",12.340265627000065,51.33035970900005,14211101148310834850,0,5,5,5,Südwest
227976,14,7,13,000,2021,09,11,5,3,5,3,1,1,0,0,0,0,0,"734940,212191864848137","5698629,007829567417502",12.37700708500006,51.39018109500006,14210930148110767950,0,9,9,9,Nord
227986,14,7,13,000,2021,10,06,6,3,5,3,1,1,0,0,0,2,0,"739926,381746259517968","5693560,572779320180416",12.44512058500004,51.34260302600006,14211022144200807650,0,2,2,2,Ost
227987,14,7,13,000,2021,10,16,6,3,7,1,0,1,0,0,0,0,0,"733580,209282802417874","5695431,264318825677037",12.355393152000033,51.36203789700005,14211029148110824730,0,9,9,9,Nord
227988,14,7,13,000,2021,09,07,4,3,5,3,0,1,0,0,1,0,0,"737127,973367688246071","5691839,676374049857259",12.403869196000073,51.328330048000055,14210929148410738820,0,3,3,3,Südost
227993,14,7,13,000,2021,10,08,6,3,6,4,0,1,1,0,0,0,0,"727684,204001372680068","5690648,944989027455449",12.267789045000029,51.321498811000026,14211008144200782680,0,6,6,6,West
227994,14,7,13,000,2021,12,10,4,3,2,2,0,1,0,0,0,0,0,"734809,017020740546286","5692555,650674618780613",12.371115540000062,51.335718831000065,14211208148410020740,0,0,0,0,Mitte
227995,14,7,13,000,2021,12,01,6,3,5,3,1,1,0,0,0,2,0,"732740,432233814150095","5692086,316927824169397",12.341165063000062,51.33235607100005,14211224148310993360,1,7,7,7,Alt-West
227998,14,7,13,000,2021,12,09,5,3,2,6,0,1,0,0,1,0,0,"735354,649037965573370","5693738,634369105100632",12.379716236000036,51.34611214000006,14211216143263994840,0,0,0,0,Mitte
228001,14,7,13,000,2021,11,17,2,3,5,2,0,1,0,0,0,1,0,"733053,299139070324600","5695903,368615062907338",12.34814730100004,51.36649214000005,14211115144200978960,0,8,8,8,Nordwest
228009,14,7,13,000,2021,10,15,2,3,5,3,1,1,0,0,0,0,0,"728898,400934215635061","5691755,745885454118252",12.285895636000078,51.33094764000003,14211018148310813420,0,6,6,6,West
228010,14,7,13,000,2021,11,09,3,3,0,1,1,0,0,0,0,0,0,"737209,919331450015306","5691652,402205122634768",12.404918630000054,51.326614892000066,14211123148410890230,1,3,3,3,Südost
228014,14,7,13,000,2021,10,22,3,3,5,3,1,1,0,0,0,2,0,"735054,335832667537034","5691285,429255316033959",12.373793181000053,51.32421549700007,14211012148210769760,0,4,4,4,Süd
228023,14,7,13,000,2021,11,21,5,3,5,2,0,1,0,0,0,2,0,"730177,756474337540567","5689971,573713477700949",12.303076514000054,51.31441478800008,14211104148310834840,1,5,5,5,Südwest
228025,14,7,13,000,2021,12,10,6,3,0,1,1,0,0,0,0,0,0,"732785,669838470406830","5692781,780622230842710",12.34226773000006,51.33858050900005,14211210148410936820,1,7,7,7,Alt-West
228028,14,7,13,000,2021,12,19,7,2,6,4,0,1,1,0,0,2,0,"740474,796292902901769","5693907,358184283599257",12.453214163000041,51.34548397100008,14211218148210979440,1,2,2,2,Ost
228030,14,7,13,000,2021,11,13,1,3,5,3,1,1,0,0,0,0,0,"731962,574346541427076","5693977,307036953046918",12.331250261000037,51.34964880700005,14211114144200858980,0,7,7,7,Alt-West
228035,14,7,13,000,2021,11,12,2,2,0,1,1,0,0,0,0,0,0,"732783,160002005286515","5692770,922329809516668",12.34222466400007,51.338484065000046,14211101145500834791,1,7,7,7,Alt-West
228042,14,7,13,000,2021,10,15,2,3,5,3,1,1,0,0,0,0,0,"732251,913597542792559","5691212,936885586008430",12.333595613000057,51.32471563300004,14211011144200770300,0,5,5,5,Südwest
228043,14,7,13,000,2021,12,14,5,3,2,6,1,1,0,0,0,0,0,"735431,769836235791445","5688816,933341111987829",12.377571294000063,51.30190130300008,14211209148210994030,1,4,4,4,Süd
228052,14,7,13,000,2021,10,11,2,3,5,3,1,1,0,0,0,0,0,"736573,770550029352307","5697169,340708814561367",12.39947148400006,51.37640056400005,14211004144200902720,0,1,1,1,Nordost
228053,14,7,13,000,2021,10,16,6,3,6,4,0,0,1,0,1,0,0,"735399,451373514719307","5690881,010738531127572",12.378470453000034,51.32044261100003,14211008144200813740,0,4,4,4,Süd
228055,14,7,13,000,2021,12,07,4,3,3,6,1,1,0,0,0,2,0,"733527,507082310505211","5695750,230250837281346",12.354846896000026,51.36492276200005,14211222148110979040,0,9,9,9,Nord
228061,14,7,13,000,2021,11,18,1,3,2,6,0,1,0,0,0,2,0,"737267,612027556635439","5692935,198823530226946",12.406599362000065,51.33810532600006,14211114148410878580,1,3,3,3,Südost
228065,14,7,13,000,2021,10,13,6,3,5,3,1,1,0,0,0,0,0,"735012,783958503976464","5692062,577225549146533",12.373710319000054,51.331208650000065,14211001148414767980,0,0,0,0,Mitte
228069,14,7,13,000,2021,10,11,5,3,5,3,0,1,0,0,0,0,0,"737060,304215624928474","5688865,622073795646429",12.400923029000069,51.30166268800008,14211028148223847130,0,4,4,4,Süd
228072,14,7,13,000,2021,11,11,7,3,2,2,0,1,0,0,0,0,0,"731366,628728155046701","5696555,613422440364957",12.324384236000071,51.37303662800008,14211113148110879510,1,8,8,8,Nordwest
228073,14,7,13,000,2021,10,17,2,3,5,2,0,1,0,0,1,1,0,"734778,971208010800183","5695547,327705107629299",12.372658086000058,51.36258566400005,14211011144200807620,1,9,9,9,Nord
228074,14,7,13,000,2021,12,12,3,3,1,5,1,1,0,0,0,0,0,"737329,361318979412317","5686988,397612096741796",12.403528172000051,51.28470033600007,14211214148210936320,0,4,4,4,Süd
228079,14,7,13,000,2021,10,13,4,3,2,6,1,1,0,0,0,0,0,"735173,781080506742001","5693475,740058559924364",12.37695016300006,51.34382715900006,14211006148410011950,0,0,0,0,Mitte
228083,14,7,13,000,2021,10,10,6,3,6,4,0,1,1,0,0,0,0,"737427,467150764539838","5691681,221105260774493",12.408054587000038,51.326782826000056,14211008148410768320,0,3,3,3,Südost
228088,14,7,13,000,2021,09,12,3,3,5,3,0,1,0,0,1,0,0,"734568,122910450212657","5695259,598899642005563",12.36944509600005,51.36008998600005,14210928144200767900,0,9,9,9,Nord
228094,14,7,13,000,2021,10,12,5,3,5,3,0,1,0,1,0,0,0,"734993,489001492038369","5693903,038985893130302",12.374648123000043,51.34773729200003,14211028148410825050,0,0,0,0,Mitte
228095,14,7,13,000,2021,10,19,4,3,3,2,1,1,0,0,0,2,0,"737136,604552881792188","5694427,248870745301247",12.405715655000051,51.351552723000054,14211013145200793320,1,1,1,1,Nordost
228097,14,7,13,000,2021,11,07,2,3,6,2,0,1,1,0,0,0,0,"733987,391066703014076","5695448,231751561164856",12.361242704000063,51.362022670000044,14211122148110902730,0,9,9,9,Nord
228098,14,7,13,000,2021,12,09,2,3,3,2,0,1,0,0,0,0,1,"734294,915296731516719","5690897,774742454290390",12.362658459000045,51.321048947000065,14211220148210011560,0,4,4,4,Süd
228101,14,7,13,000,2021,10,10,6,3,5,3,1,0,0,0,1,0,0,"737988,438732250593603","5697543,947748567909002",12.420011781000028,51.37917193700008,14211029148110846800,0,1,1,1,Nordost
228108,14,7,13,000,2021,10,20,7,3,2,2,0,1,0,0,0,2,0,"732740,896856251172721","5692085,398674808442593",12.341171121000059,51.332347638000044,14211009144200768630,0,7,7,7,Alt-West
228109,14,7,13,000,2021,12,15,4,3,5,3,1,1,0,0,0,0,0,"729349,733282144181430","5690698,238208392634988",12.291682716000025,51.321272442000065,14211208148310935280,1,6,6,6,West
228115,14,7,13,000,2021,10,14,2,3,5,3,1,1,0,0,0,0,0,"732056,762962363660336","5692940,130229545757174",12.331924498000035,51.34029988900005,14211018144200783500,0,7,7,7,Alt-West
228116,14,7,13,000,2021,11,07,4,3,2,6,0,1,0,0,0,0,0,"735883,974001506343484","5694496,608985446393490",12.387805412000034,51.352696524000066,14211110148110854540,0,9,9,9,Nord
228119,14,7,13,000,2021,10,17,2,3,8,7,1,0,0,0,0,1,0,"735093,520766891539097","5694805,654535805806518",12.376678152000068,51.35579811100007,14211025148110834800,0,0,0,0,Mitte
228125,14,7,13,000,2021,10,12,5,3,3,6,1,1,0,0,0,0,0,"735025,519496264867485","5691651,177484162151814",12.373621495000066,51.32751050300004,14211028148210825440,0,0,0,0,Mitte