OID_,ULAND,UREGBEZ,UKREIS,UGEMEINDE,UJAHR,UMONAT,USTUNDE,UWOCHENTAG,UKATEGORIE,UART,UTYP1,IstRad,IstPKW,IstFuss,IstKrad,IstSonstige,ULICHTVERH,IstGkfz,LINREFX,LINREFY,XGCSWGS84,YGCSWGS84,UIDENTSTLAE,IstStrassenzustand,index_right,FID,SBZ,Name
228132,14,7,13,000,2021,10,13,5,3,5,3,0,1,0,0,0,0,0,"735708,066409122198820","5692651,427029255777597",12.384062294000046,51.33620665400008,14211021144000813430,0,0,0,0,Mitte
228135,14,7,13,000,2021,10,15,3,3,1,5,0,1,0,1,0,0,0,"737681,680082581005991","5695034,565419927239418",12.413934643000061,51.356776326000045,14211005148110768310,1,1,1,1,Nordost
228142,14,7,13,000,2021,10,09,4,3,1,5,1,1,0,0,0,0,0,"735118,224891752935946","5699098,828936764970422",12.379872121000062,51.39432461500007,14211020148110793810,0,9,9,9,Nord
228143,14,7,13,000,2021,11,08,6,3,4,7,0,1,0,0,0,0,0,"744682,038230247795582","5690492,594731327146292",12.51116492400007,51.313041172000055,14211119144200880140,0,2,2,2,Ost
228145,14,7,13,000,2021,11,17,6,3,6,2,0,1,1,0,0,1,0,"740769,240271776914597","5694644,105204740539193",12.457932394000068,51.35197208500006,14211126144200031170,0,2,2,2,Ost
228148,14,7,13,000,2021,11,15,4,3,5,3,1,1,0,0,0,0,0,"735166,146067233756185","5692701,794594276696444",12.37632970900006,51.336883113000056,14211103144200087700,0,0,0,0,Mitte
228149,14,7,13,000,2021,10,12,6,3,3,2,1,1,0,0,0,0,0,"730724,482501651160419","5693724,900035556405783",12.313338247000047,51.347886852000045,14211001148310806300,0,7,7,7,Alt-West
228152,14,7,13,000,2021,10,07,5,3,6,2,0,1,1,0,0,0,0,"736367,629054575227201","5693790,223517887294292",12.394269631000043,51.34615496600003,14211028148410858690,0,0,0,0,Mitte
228157,14,7,13,000,2021,10,15,5,3,5,3,1,1,0,0,0,0,0,"735319,480873869732022","5692449,276648657396436",12.378360263000047,51.334553001000074,14211028148410880590,0,0,0,0,Mitte
228159,14,7,13,000,2021,11,17,2,3,2,2,1,0,0,0,1,2,0,"736069,489758667536080","5689665,686159010976553",12.387264519000041,51.30925594000007,14211115148210879880,0,4,4,4,Süd
228165,14,7,13,000,2021,09,10,5,3,6,6,1,0,1,0,0,0,0,"734849,517430900596082","5691857,562899900600314",12.371235806000072,51.32943578800007,14210930148423793860,0,0,0,0,Mitte
228168,14,7,13,000,2021,10,17,2,3,6,4,0,1,1,0,0,0,0,"733969,630749172531068","5696839,863538969308138",12.361903719000054,51.37452189000004,14211018148110793800,0,9,9,9,Nord
228171,14,7,13,000,2021,11,10,2,3,0,3,0,0,0,0,1,0,1,"736368,079737544991076","5698861,173621933907270",12.397646991000045,51.39167225600005,14211108144200934020,0,1,1,1,Nordost
228184,14,7,13,000,2021,09,14,5,3,3,7,0,1,0,0,0,0,0,"740050,196532277390361","5693939,768562890589237",12.447150627000042,51.345954309000035,14210930144200737270,0,2,2,2,Ost
228194,14,7,13,000,2021,10,17,5,3,5,3,0,1,0,0,1,0,0,"734290,908160897903144","5695622,465793607756495",12.365709436000031,51.363461597000025,14211021148110807220,0,9,9,9,Nord
228197,14,7,13,000,2021,11,18,3,3,3,6,1,0,0,0,0,2,0,"731793,265303572639823","5691746,292757054790854",12.32737125400007,51.32969051500004,14211130662223936880,1,5,5,5,Südwest
228199,14,7,13,000,2021,10,14,2,3,1,1,0,1,0,0,0,0,0,"734616,018245480023324","5691379,247408850118518",12.36757532200005,51.325238564000074,14211004148210738790,0,4,4,4,Süd
228203,14,7,13,000,2021,10,15,4,3,2,6,0,1,0,0,0,0,0,"732839,842863858677447","5690551,848473846912384",12.34158725900005,51.31854094000005,14211027148310813400,0,5,5,5,Südwest
228204,14,7,13,000,2021,11,06,6,3,6,4,0,1,1,0,0,2,0,"737665,649797241203487","5695334,195268098264933",12.413904978000062,51.35947250000004,14211119148110903380,0,1,1,1,Nordost
228207,14,7,13,000,2021,11,12,7,3,5,3,1,1,0,0,0,0,0,"736711,525081535801291","5689351,086070563644171",12.396250776000045,51.306165417000045,14211127144200964560,0,4,4,4,Süd
228210,14,7,13,000,2021,11,15,6,3,4,6,1,0,0,0,0,0,0,"735475,069322237744927","5691912,910889264196157",12.380235343000038,51.329674012000055,14211119144200880360,0,0,0,0,Mitte
228213,14,7,13,000,2021,10,16,6,3,5,3,1,1,0,0,0,0,0,"736800,567865748889744","5693857,111538972705603",12.400519430000031,51.34657519900003,14211001148410782760,0,2,2,2,Ost
228215,14,7,13,000,2021,12,13,3,3,0,7,1,0,0,0,0,0,0,"731196,780894801951945","5691722,909207200631499",12.318809045000023,51.32972334700003,14211207144200933120,0,7,7,7,Alt-West
228218,14,7,13,000,2021,11,10,4,3,6,2,0,1,1,0,0,0,0,"732439,667851540260017","5691684,808404022827744",12.336593336000021,51.32887482500007,14211124148310903410,0,5,5,5,Südwest
228223,14,7,13,000,2021,10,11,3,3,5,2,1,1,0,0,0,0,0,"730937,421410232782364","5691775,242469672113657",12.315126570000075,51.330298492000054,14211012144200813360,1,7,7,7,Alt-West
228224,14,7,13,000,2021,12,17,2,3,5,3,1,1,0,0,0,2,0,"740591,066021811217070","5700200,397500162944198",12.459139654000069,51.401918230000035,14211213148121936310,0,1,1,1,Nordost
228227,14,7,13,000,2021,11,18,2,3,6,7,0,1,1,0,0,2,0,"732148,299500050954521","5688872,100719552487135",12.33058758900006,51.303744693000056,14211101148310825480,1,5,5,5,Südwest
228229,14,7,13,000,2021,10,06,3,3,6,4,1,0,1,0,0,2,0,"737160,478480523452163","5694864,043300064280629",12.406348950000051,51.35546345200004,14211005148110782720,1,1,1,1,Nordost
228231,14,7,13,000,2021,11,12,7,3,5,3,1,1,0,0,0,0,0,"736343,071479476056993","5692762,835956027731299",12.393235838000066,51.33694315100007,14211120148410890640,0,0,0,0,Mitte
228239,14,7,13,000,2021,09,07,3,3,5,3,1,1,0,0,0,1,0,"740063,467934189364314","5687832,319111514836550",12.443229433000056,51.291129831000035,14210928148210737310,1,3,3,3,Südost
228244,14,7,13,000,2021,10,15,2,3,6,4,0,0,1,0,1,0,0,"735178,089415417052805","5694087,303573327139020",12.377415883000026,51.34931497400004,14211004148110767110,0,0,0,0,Mitte
228247,14,7,13,000,2021,12,14,4,2,0,1,0,0,0,1,0,0,0,"738281,465657008811831","5693603,950454849749804",12.42157551200006,51.34368409600006,14211222144200994880,0,2,2,2,Ost
228253,14,7,13,000,2021,11,15,2,3,5,3,1,1,0,0,0,0,0,"737297,992939400486648","5695375,363898605108261",12.408661341000027,51.359995679000065,14211115144200879060,0,1,1,1,Nordost
228258,14,7,13,000,2021,11,12,5,3,6,6,1,0,1,0,0,0,0,"736698,441329210996628","5689349,133648980408907",12.396062114000074,51.306153331000075,14211104148210834830,1,4,4,4,Süd
228260,14,7,13,000,2021,10,09,1,3,1,7,1,1,0,0,0,0,0,"734764,427552694454789","5692828,867302725091577",12.370656623000059,51.338189743000044,14211010148410768660,0,0,0,0,Mitte
228269,14,7,13,000,2021,11,11,4,3,3,3,1,1,0,0,0,0,0,"734794,567811403423548","5687195,466630695387721",12.367380638000043,51.287609314000065,14211117144200879470,0,4,4,4,Süd
228271,14,7,13,000,2021,10,12,1,3,5,2,1,1,0,0,0,0,0,"737268,628501379862428","5694404,632517920807004",12.407593084000041,51.35129462400005,14211024148110825430,0,1,1,1,Nordost
228272,14,7,13,000,2021,11,11,3,3,6,2,0,1,1,0,0,0,0,"731597,756405009888113","5688929,175788516178727",12.322740360000068,51.30448125600003,14211102148310854950,0,5,5,5,Südwest
228274,14,7,13,000,2021,10,11,5,2,5,2,0,1,0,0,0,0,0,"738792,723001546226442","5696079,935983944684267",12.43056415600006,51.36569363400008,14211007144200824450,0,1,1,1,Nordost
228277,14,7,13,000,2021,10,15,5,3,6,4,0,0,1,0,1,0,0,"740827,742916524410248","5694716,442476956173778",12.458819912000024,51.35259656900007,14211028144200879480,0,2,2,2,Ost
228278,14,7,13,000,2021,12,22,7,3,8,1,0,1,0,0,0,2,0,"738083,597493523731828","5690431,478937249630690",12.416620300000034,51.31529093800003,14211218144200963760,1,3,3,3,Südost
228280,14,7,13,000,2021,11,12,7,3,0,1,1,0,0,0,0,0,0,"730828,422015719115734","5694623,876722631976008",12.315411225000048,51.355914676000054,14211113662221902500,1,7,7,7,Alt-West
228282,14,7,13,000,2021,12,07,2,3,6,2,0,1,1,0,0,2,0,"736179,873432778753340","5692945,567258764058352",12.39101832700004,51.33865118500006,14211213148410935710,1,0,0,0,Mitte
228287,14,7,13,000,2021,10,11,3,3,5,3,1,1,0,0,0,0,0,"735888,902785789221525","5692619,726874304935336",12.386632705000068,51.33584712800007,14211005148410768350,1,0,0,0,Mitte
228288,14,7,13,000,2021,12,18,1,3,5,2,1,1,0,0,0,2,0,"737237,868629528209567","5692692,076754566282034",12.406011216000024,51.33593545200006,14211205148410933500,0,3,3,3,Südost
228291,14,7,13,000,2021,11,10,6,3,5,7,1,1,0,0,0,0,0,"734141,351001474075019","5695563,021986249834299",12.363525817000038,51.362989655000035,14211112144200934630,0,9,9,9,Nord
228295,14,7,13,000,2021,10,21,3,3,5,3,0,1,0,0,0,2,0,"738444,008568821474910","5690930,605627171695232",12.422116204000076,51.31962020100008,14211019148210793360,0,3,3,3,Südost
228297,14,7,13,000,2021,09,12,3,3,2,6,0,1,0,0,0,0,0,"734522,705001487396657","5693146,879986127838492",12.367401899000072,51.341144100000065,14210928148410766970,1,0,0,0,Mitte
228299,14,7,13,000,2021,10,05,1,3,1,1,0,1,0,1,1,2,0,"740279,334498140029609","5694132,686730889603496",12.450564869000061,51.347589080000034,14211017148223783550,0,2,2,2,Ost
228301,14,7,13,000,2021,11,09,4,3,5,2,1,1,0,0,0,0,0,"732309,744573752395809","5690617,340284604579210",12.334036092000076,51.319345491000036,14211103148321834860,0,5,5,5,Südwest
228302,14,7,13,000,2021,10,07,2,3,3,6,0,1,0,0,1,1,0,"735131,533834795467556","5690898,139828052371740",12.374643739000021,51.320707137000056,14211004144200813330,0,4,4,4,Süd
228305,14,7,13,000,2021,12,18,3,3,5,2,0,1,0,1,0,2,0,"728683,231621622107923","5689589,357077918946743",12.281422758000076,51.311585996000076,14211221148310964610,0,6,6,6,West
228311,14,7,13,000,2021,11,09,2,3,5,2,1,1,0,0,0,0,0,"737307,273815746419132","5693208,099141268059611",12.407349551000038,51.34053834800005,14211115148410878570,0,2,2,2,Ost
228315,14,7,13,000,2021,10,13,6,3,5,3,0,1,0,0,0,0,0,"737403,290866920724511","5693656,149477595463395",12.409024271000021,51.34451999000004,14211001144200737900,0,2,2,2,Ost
228318,14,7,13,000,2021,11,00,1,3,6,4,0,1,1,0,0,2,0,"736125,868994088843465","5693633,080657530575991",12.390700243000026,51.34484488100003,14211121148410891110,0,0,0,0,Mitte
228319,14,7,13,000,2021,12,03,6,3,0,1,1,0,0,0,0,2,0,"732298,527157728560269","5690627,666101096197963",12.333882122000034,51.31944276300004,14211217148310963280,0,5,5,5,Südwest
228321,14,7,13,000,2021,11,08,6,2,0,1,1,0,0,0,0,0,0,"731631,249475835822523","5690702,338579393923283",12.32437137900007,51.32038509300003,14211112148310858680,1,5,5,5,Südwest
228322,14,7,13,000,2021,10,09,2,3,3,6,1,1,0,0,0,0,0,"735045,311974291689694","5690909,268687322735786",12.373415909000073,51.32084265600008,14211011143263782310,0,4,4,4,Süd
228325,14,7,13,000,2021,10,09,6,3,5,3,0,1,0,1,0,0,0,"735004,566865711472929","5691894,227596944198012",12.373481559000027,51.329700873000036,14211022144200807640,0,0,0,0,Mitte
228328,14,7,13,000,2021,10,15,4,2,5,2,1,0,0,0,1,0,0,"734067,044059225358069","5696089,680876862257719",12.362806964000072,51.367747792000046,14211006148121767400,0,9,9,9,Nord
228329,14,7,13,000,2021,11,16,3,3,2,6,0,1,0,0,0,2,0,"735009,224025472067297","5691981,163222115486860",12.373605618000056,51.33047931700003,14211130144320922360,1,0,0,0,Mitte
228331,14,7,13,000,2021,10,18,2,2,5,3,1,1,0,0,0,1,0,"736537,799372636713088","5691324,658664157614112",12.39507173000004,51.323952845000065,14211025144200813310,0,0,0,0,Mitte
228333,14,7,13,000,2021,10,12,6,2,6,4,0,1,1,0,0,0,0,"737813,410028613172472","5693774,266402827575803",12.414981100000034,51.34540881200007,14211001144200767370,0,2,2,2,Ost
228338,14,7,13,000,2021,11,18,7,3,6,4,0,1,1,0,0,2,0,"735925,385754389688373","5692869,632414128631353",12.387321014000065,51.338075211000046,14211106662212854600,0,0,0,0,Mitte
228339,14,7,13,000,2021,11,12,7,3,2,6,0,1,0,0,0,0,0,"737258,577179361134768","5693263,552582681179047",12.406688614000075,51.341056422000065,14211113148410902430,0,2,2,2,Ost
228345,14,7,13,000,2021,09,06,5,3,5,2,1,1,0,0,0,1,0,"734523,899001490324736","5692279,549986142665148",12.366847991000043,51.33335807200007,14210930148122813010,0,0,0,0,Mitte
228362,14,7,13,000,2021,12,22,4,3,5,3,0,1,0,0,0,2,0,"730705,154992147348821","5697296,183472786098719",12.315377701000045,51.379953691000026,14211208144200001790,1,8,8,8,Nordwest
228364,14,7,13,000,2021,10,14,5,3,5,3,1,0,0,0,0,0,1,"730746,918674676679075","5685497,226190049201250",12.308338252000055,51.27401796500004,14211028148310825020,0,5,5,5,Südwest
228368,14,7,13,000,2021,10,13,5,3,5,2,1,1,0,0,0,0,0,"734543,100460988469422","5698527,292069166898727",12.371242489000053,51.389432286000044,14211028144200824460,0,9,9,9,Nord
228371,14,7,13,000,2021,11,14,3,3,4,2,0,1,0,0,0,0,0,"735997,454254818148911","5699793,246773220598698",12.392949102000046,51.40019287000007,14211116149310879570,0,9,9,9,Nord
228376,14,7,13,000,2021,10,06,3,3,4,6,1,0,0,0,0,1,0,"736097,252669271081686","5693616,291898835450411",12.390278961000035,51.34470606500008,14211005148410769150,1,0,0,0,Mitte
228380,14,7,13,000,2021,11,09,6,3,5,3,0,1,0,0,0,0,0,"738813,005389299243689","5696081,050011917948723",12.430855726000061,51.36569510800007,14211105148110854890,1,1,1,1,Nordost
228389,14,7,13,000,2021,12,11,4,3,6,6,0,1,1,0,0,0,0,"728039,281213505193591","5689309,311391428112984",12.272019773000068,51.30933027800006,14211201148322922420,0,6,6,6,West
228392,14,7,13,000,2021,10,17,6,3,2,6,0,1,0,0,0,0,0,"733880,936319058761001","5695632,019523981958628",12.359837145000029,51.36371626400006,14211008148110769730,0,9,9,9,Nord
228393,14,7,13,000,2021,12,22,7,3,0,1,1,0,0,0,0,2,0,"737371,921243284828961","5693159,794575048610568",12.408243827000035,51.34007778100005,14211211148410964350,1,2,2,2,Ost
228399,14,7,13,000,2021,11,13,5,3,5,3,1,1,0,0,0,0,0,"731859,572001450695097","5690156,142987364903092",12.32728721500007,51.31538899900005,14211111148310859020,0,5,5,5,Südwest
228400,14,7,13,000,2021,11,07,4,3,5,3,0,0,0,0,1,0,1,"735460,758434575051069","5693289,970123225823045",12.380940449000036,51.342040859000065,14211117148410879550,1,0,0,0,Mitte
228407,14,7,13,000,2021,12,16,4,3,5,2,1,1,0,0,0,2,0,"735002,865529728122056","5692243,768984258174896",12.373687698000026,51.332839195000076,14211222148410994560,0,0,0,0,Mitte
228408,14,7,13,000,2021,10,12,4,3,5,3,0,1,0,1,0,0,0,"732391,831544280052185","5691545,216400144621730",12.335816890000046,51.32764128800005,14211027148310813410,0,5,5,5,Südwest
228411,14,7,13,000,2021,09,07,3,3,3,6,1,0,0,0,0,0,0,"737836,314641016535461","5693797,824595419690013",12.415325117000066,51.34561068800008,14210928148410738250,1,2,2,2,Ost
228414,14,7,13,000,2021,10,11,6,3,2,6,0,1,0,0,0,0,1,"735611,724354286678135","5694417,852311229333282",12.383850507000034,51.352102503000026,14211015148410782750,0,0,0,0,Mitte
228422,14,7,13,000,2021,11,16,4,3,6,2,0,1,1,0,0,1,0,"729922,803119346499443","5690165,384631529450417",12.299549360000071,51.31625769800007,14211124144200891090,0,6,6,6,West
228424,14,7,13,000,2021,10,16,2,3,5,3,1,1,0,0,0,0,0,"742270,718000284396112","5694562,802600987255573",12.479398745000026,51.35060439500006,14211018144100793240,0,2,2,2,Ost
228425,14,7,13,000,2021,11,17,3,3,5,3,0,1,0,0,0,2,0,"733075,149682737886906","5696087,379982244223356",12.348581247000027,51.36813496600007,14211109144200854880,0,8,8,8,Nordwest
228438,14,7,13,000,2021,11,14,5,3,0,7,1,0,0,0,0,0,0,"733712,172750849276781","5692765,167950410395861",12.355534841000065,51.33805136700005,14211111148410854980,0,0,0,0,Mitte
228440,14,7,13,000,2021,12,10,2,3,6,2,0,1,1,0,0,0,0,"737018,987009703181684","5689404,004590708762407",12.400688942000045,51.306512507000036,14211213144000963820,1,4,4,4,Süd
228443,14,7,13,000,2021,10,18,6,3,3,6,1,1,0,0,0,2,0,"736990,951135528273880","5693766,102927424013615",12.403187631000037,51.345678967000026,14211029144200847890,0,2,2,2,Ost
228445,14,7,13,000,2021,12,14,5,2,5,2,0,1,0,0,0,0,0,"740848,314361988566816","5696478,207427268847823",12.460307513000032,51.36840064100005,14211202144200912630,0,2,2,2,Ost
228447,14,7,13,000,2021,11,07,5,2,6,4,0,1,1,0,1,1,0,"733045,599001469090581","5690672,991986846551299",12.344613930000037,51.31954418200007,14211104144200834740,1,5,5,5,Südwest
228449,14,7,13,000,2021,10,13,6,3,0,7,1,0,0,0,0,0,0,"737292,731562520377338","5692936,449216088280082",12.406960167000022,51.33810606900005,14211008148410854970,0,3,3,3,Südost
228453,14,7,13,000,2021,11,06,6,2,8,1,0,1,0,0,0,2,0,"735050,661774467676878","5694782,010874222964048",12.376048093000065,51.355603605000056,14211119144200880890,0,0,0,0,Mitte
228454,14,7,13,000,2021,10,13,4,3,6,4,0,1,1,0,0,0,0,"737860,105043277144432","5695324,624216593801975",12.416686465000055,51.35930522900003,14211013148110783110,0,1,1,1,Nordost
228458,14,7,13,000,2021,10,11,2,3,5,3,1,1,0,0,0,0,0,"735009,910704554058611","5691285,286837954074144",12.37315662800006,51.32423257000005,14211018144200793270,0,4,4,4,Süd
228464,14,7,13,000,2021,10,19,7,3,5,3,0,1,0,0,0,2,0,"734743,386835427023470","5694657,886586641892791",12.371561014000065,51.35461642000007,14211002148410766870,0,0,0,0,Mitte
228470,14,7,13,000,2021,12,14,7,3,0,2,1,1,0,0,0,0,0,"734328,288598407991230","5695920,912669520825148",12.366442065000058,51.36612516100007,14211218148410963490,1,9,9,9,Nord
228478,14,7,13,000,2021,11,11,2,3,6,2,0,1,1,0,0,0,0,"738534,735986576415598","5690964,070674855262041",12.423438203000046,51.319882558000074,14211101148210890600,1,3,3,3,Südost
228485,14,7,13,000,2021,12,13,3,3,5,3,1,1,0,0,0,0,0,"734474,300073592923582","5692606,058425001800060",12.366352150000068,51.336309408000034,14211207148221933490,0,0,0,0,Mitte
228486,14,7,13,000,2021,10,12,2,3,0,7,0,0,0,0,1,0,0,"729124,404192591086030","5690920,036640845239162",12.288597003000064,51.32335434500004,14211018148310793840,0,6,6,6,West
228488,14,7,13,000,2021,12,06,3,3,5,3,1,1,0,0,0,2,0,"735237,019410078413785","5695193,919369800016284",12.378992090000054,51.35922391500003,14211214148410980000,1,0,0,0,Mitte
228490,14,7,13,000,2021,12,12,4,3,5,3,1,1,0,0,0,0,0,"735587,182763339951634","5692244,862431252375245",12.382061177000026,51.33260729300008,14211222144100979420,0,0,0,0,Mitte
228493,14,7,13,000,2021,10,17,3,3,1,5,1,1,0,0,0,0,0,"737710,294345607981086","5693738,757893824949861",12.41347948300006,51.34513321000003,14211012144200769690,0,2,2,2,Ost
228497,14,7,13,000,2021,10,14,3,3,5,3,0,1,0,0,0,0,0,"734970,495020424015820","5691173,074155358597636",12.37251797700003,51.32324158200004,14211026144200879500,0,4,4,4,Süd
228501,14,7,13,000,2021,12,16,2,3,5,2,1,1,0,0,0,2,0,"736240,784284424968064","5697157,970670394599438",12.394688072000065,51.37643711900006,14211206148110923780,1,9,9,9,Nord
228505,14,7,13,000,2021,11,15,5,3,1,7,0,1,0,0,1,0,0,"726276,597270249389112","5690229,475188136100769",12.247355414000026,51.31829451300007,14211111148310859030,0,6,6,6,West
228508,14,7,13,000,2021,12,16,5,3,5,3,1,0,0,0,1,1,0,"732666,667729634791613","5692668,744148058816791",12.340488417000074,51.337614518000066,14211230144200993600,1,7,7,7,Alt-West
228514,14,7,13,000,2021,10,22,2,3,1,1,0,1,0,1,0,2,0,"738003,749264171347022","5692327,049332292750478",12.416742126000031,51.332338984000046,14211018145200813800,0,2,2,2,Ost
228517,14,7,13,000,2021,10,10,6,3,0,7,0,1,0,0,0,0,0,"735285,005956823937595","5693699,362260758876801",12.378692069000067,51.345788448000064,14211008148410834410,0,0,0,0,Mitte
228531,14,7,13,000,2021,12,00,1,3,5,3,0,1,0,0,0,2,0,"734977,558001486584544","5696036,123985851183534",12.375828458000058,51.36689116300005,14211205144200937290,0,9,9,9,Nord
228534,14,7,13,000,2021,11,17,7,3,3,2,1,1,0,0,0,2,0,"734999,145011218264699","5692264,271478788927197",12.373647908000066,51.333024771000055,14211106144200878590,0,0,0,0,Mitte
228537,14,7,13,000,2021,12,08,2,3,5,1,1,1,0,0,0,0,0,"732333,709101925604045","5693058,778825741261244",12.335971123000036,51.34125187700005,14211213148310962850,1,7,7,7,Alt-West
228539,14,7,13,000,2021,10,01,7,3,5,3,1,1,0,0,0,2,0,"735263,162770261056721","5689590,202051261439919",12.375666679000062,51.30891217000004,14211023144200806520,1,4,4,4,Süd
228543,14,7,13,000,2021,11,08,3,3,2,7,0,1,0,1,0,0,0,"734785,076948286965489","5689832,105579195544124",12.368978808000065,51.31128098600004,14211130144200912290,1,4,4,4,Süd
228544,14,7,13,000,2021,11,13,7,3,0,1,1,0,0,0,0,0,0,"735003,547565030865371","5691834,906558433547616",12.373427837000065,51.32916880500005,14211120148210890620,0,0,0,0,Mitte
228552,14,7,13,000,2021,10,10,6,3,3,2,0,1,0,0,1,0,0,"736706,545001532882452","5689657,495985157787800",12.396382717000051,51.30891788900004,14211015148210807231,0,4,4,4,Süd
228554,14,7,13,000,2021,11,15,4,3,5,3,1,0,0,0,1,0,0,"731773,866887103766203","5692342,636446377262473",12.327481199000033,51.33505168500005,14211103144200834320,0,7,7,7,Alt-West
238475,14,7,13,000,2021,02,16,4,3,0,7,1,0,0,0,0,2,0,"736818,868816991802305","5692460,261348351836205",12.399852947000056,51.33402927000003,14210203148410176980,1,3,3,3,Südost
238482,14,7,13,000,2021,02,14,3,3,4,6,1,0,0,0,0,0,0,"734042,709557774011046","5694346,462675690650940",12.361311184000044,51.35210990200005,14210223144200168990,0,0,0,0,Mitte
238483,14,7,13,000,2021,02,15,5,3,6,4,1,0,1,0,0,0,0,"734232,979399099363945","5692495,194218060933053",12.362821021000059,51.335413679000055,14210225148410169040,0,0,0,0,Mitte
238484,14,7,13,000,2021,03,16,4,3,4,6,1,0,0,0,0,0,0,"729364,696047530393116","5700977,307711085304618",12.298527222000075,51.41354213300008,14210303148110185390,0,8,8,8,Nordwest
238491,14,7,13,000,2021,03,12,5,3,4,6,1,0,0,0,0,0,0,"729579,387179802637547","5696419,833071358501911",12.298662509000053,51.372542972000076,14210325148110230980,0,8,8,8,Nordwest
238538,14,7,13,000,2021,06,16,5,3,6,4,1,0,1,0,0,0,0,"734936,272576557938010","5693478,789446295239031",12.373548050000068,51.34395272100005,14210610144200435710,0,0,0,0,Mitte
238549,14,7,13,000,2021,06,19,2,3,5,3,1,0,0,0,0,0,0,"731945,553579646279104","5685525,717362861149013",12.325511211000048,51.27378721900004,14210621148210455270,0,5,5,5,Südwest
238550,14,7,13,000,2021,06,14,6,3,0,7,1,0,0,0,0,0,0,"728056,368532502441667","5689284,818080971017480",12.272248865000051,51.30910354800005,14210625148310463660,0,6,6,6,West
238553,14,7,13,000,2021,06,17,7,3,0,1,1,0,0,0,0,0,0,"732169,616297882399522","5695328,253236247226596",12.33509964600006,51.361691335000046,14210626148110479910,0,8,8,8,Nordwest
238565,14,7,13,000,2021,07,18,2,3,0,7,1,0,0,0,0,0,0,"732531,540738951764069","5686681,471265078522265",12.334649458000058,51.28392346700008,14210705148310502130,0,5,5,5,Südwest
238581,14,7,13,000,2021,07,13,5,3,6,7,1,0,1,0,0,0,0,"731851,859329224680550","5685207,618150047957897",12.323964026000056,51.270969783000055,14210722148310582220,0,5,5,5,Südwest
238586,14,7,13,000,2021,07,00,2,2,0,7,1,0,0,0,0,2,0,"732388,898636355064809","5694753,122711926698685",12.337868209000021,51.35643893400004,14210726148410590770,1,0,0,0,Mitte
238598,14,7,13,000,2021,08,17,4,3,4,6,1,0,0,0,0,0,0,"729604,502840683795512","5696529,679401924833655",12.29909368400007,51.373518911000076,14210804148122592140,0,8,8,8,Nordwest
238605,14,7,13,000,2021,08,19,4,3,4,2,1,0,0,0,0,0,0,"733786,674319245386869","5686419,735615030862391",12.35244465900007,51.28106034400008,14210811148210679850,0,5,5,5,Südwest
238608,14,7,13,000,2021,08,09,2,3,5,3,1,1,0,0,0,0,0,"729784,944734882214107","5690312,158215419389307",12.297669085000052,51.31763097800007,14210816144200627850,0,6,6,6,West
238609,14,7,13,000,2021,08,09,5,3,3,6,1,0,0,0,0,0,0,"736289,850221717148088","5688983,964687673375010",12.389969052000026,51.303045197000074,14210819148213679860,0,4,4,4,Süd
238612,14,7,13,000,2021,08,14,6,3,0,7,1,0,0,0,0,0,0,"732188,762508516199887","5695245,652663014829159",12.335320264000075,51.360942032000025,14210827148410636750,1,8,8,8,Nordwest
238632,14,7,13,000,2021,09,15,7,3,0,1,1,0,0,0,0,0,0,"733478,374007565667853","5692258,988399011082947",12.351852493000024,51.33360364200007,14210925148410717690,0,0,0,0,Mitte
238647,14,7,13,000,2021,10,22,6,3,4,1,1,0,0,0,0,2,0,"736721,884155783103779","5695752,968622600659728",12.400652796000031,51.363625384000045,14211015148110806270,0,9,9,9,Nord
238650,14,7,13,000,2021,10,16,5,2,6,4,1,0,1,0,0,0,0,"733181,519897983875126","5692305,396319075487554",12.347628995000036,51.33414200900006,14211028148410846840,0,7,7,7,Alt-West
238654,14,7,13,000,2021,11,15,1,3,4,6,1,0,0,0,0,0,0,"727543,217305157915689","5689777,510085785761476",12.265213059000075,51.31373199400008,14211128148310979450,0,6,6,6,West